record_id,annotation_status,pattern_family_id,normalized_text_hash,transformation,original_phrase_id,source_id,source_commit,source_row,annotation_rationale
seed_an_uong_bua_an_01,ai_draft,tpl_an_uong_bua_an,288373a8a323dd0015d1faeeb3c8f01dfdeee6ac4ead5eb6eec59db805353299,original_vi,an_uong_bua_an_01,spendwise_authored,,,Ví dụ hư cấu được trợ lý AI soạn theo guideline v0.1; chưa có người kiểm tra độc lập.
seed_an_uong_bua_an_01_nd,ai_draft,tpl_an_uong_bua_an,f3236f9abcc49ce33ab21bb8c36ab59b47ae513fd5972be5e91e3b185f79ba18,diacritic_removed,an_uong_bua_an_01,spendwise_authored,,,Ví dụ hư cấu được trợ lý AI soạn theo guideline v0.1; chưa có người kiểm tra độc lập.
seed_an_uong_bua_an_02,ai_draft,tpl_an_uong_bua_an,4e72dfaff28825f0cc91b6ee2995ffc399bec2c0842a4f7d8ca4c74a35c0186a,original_vi,an_uong_bua_an_02,spendwise_authored,,,Ví dụ hư cấu được trợ lý AI soạn theo guideline v0.1; chưa có người kiểm tra độc lập.
seed_an_uong_bua_an_02_nd,ai_draft,tpl_an_uong_bua_an,bc35579a2bab697a246dab3bb8fa4060ed44b50ca5c78614ef58d28f1d2d978d,diacritic_removed,an_uong_bua_an_02,spendwise_authored,,,Ví dụ hư cấu được trợ lý AI soạn theo guideline v0.1; chưa có người kiểm tra độc lập.
seed_an_uong_bua_an_03,ai_draft,tpl_an_uong_bua_an,3b6b65f42edb4a7075f59124748ebb5383b8122fa910e05919789ab62ae2d21b,original_vi,an_uong_bua_an_03,spendwise_authored,,,Ví dụ hư cấu được trợ lý AI soạn theo guideline v0.1; chưa có người kiểm tra độc lập.
seed_an_uong_bua_an_03_nd,ai_draft,tpl_an_uong_bua_an,aafed55529f6b895c418868c6008c22401fe5399e6f5f605bcd3b47bc9a059d4,diacritic_removed,an_uong_bua_an_03,spendwise_authored,,,Ví dụ hư cấu được trợ lý AI soạn theo guideline v0.1; chưa có người kiểm tra độc lập.
seed_an_uong_bua_an_04,ai_draft,tpl_an_uong_bua_an,a1063448cb092444f9c3e81a0acf8d01ce4fdafd4dc4ea7ae533d255a30db2e3,original_vi,an_uong_bua_an_04,spendwise_authored,,,Ví dụ hư cấu được trợ lý AI soạn theo guideline v0.1; chưa có người kiểm tra độc lập.
seed_an_uong_bua_an_04_nd,ai_draft,tpl_an_uong_bua_an,81e609bd7491aa639d6f3f33e2291e0cb789159c11a64df4989f7884b155a496,diacritic_removed,an_uong_bua_an_04,spendwise_authored,,,Ví dụ hư cấu được trợ lý AI soạn theo guideline v0.1; chưa có người kiểm tra độc lập.
seed_an_uong_bua_an_05,ai_draft,tpl_an_uong_bua_an,778010a6abd25ca37a322ffa824866b57646ee3f4182f0cf2d759a9f869538b4,original_vi,an_uong_bua_an_05,spendwise_authored,,,Ví dụ hư cấu được trợ lý AI soạn theo guideline v0.1; chưa có người kiểm tra độc lập.
seed_an_uong_bua_an_05_nd,ai_draft,tpl_an_uong_bua_an,ec0897a15b3f2c5db9b24010495c3593c01c46493cdf26f7bbfba90080eddb2d,diacritic_removed,an_uong_bua_an_05,spendwise_authored,,,Ví dụ hư cấu được trợ lý AI soạn theo guideline v0.1; chưa có người kiểm tra độc lập.
seed_an_uong_do_uong_01,ai_draft,tpl_an_uong_do_uong,b69c5fa22eaea808c01014613f00e67030a028f0717b835a60fe74a347fbb4c5,original_vi,an_uong_do_uong_01,spendwise_authored,,,Ví dụ hư cấu được trợ lý AI soạn theo guideline v0.1; chưa có người kiểm tra độc lập.
seed_an_uong_do_uong_01_nd,ai_draft,tpl_an_uong_do_uong,1e559f7bac362be635164590133651044db0fb1f3f57150e1ad8152b64b0cd4a,diacritic_removed,an_uong_do_uong_01,spendwise_authored,,,Ví dụ hư cấu được trợ lý AI soạn theo guideline v0.1; chưa có người kiểm tra độc lập.
seed_an_uong_do_uong_02,ai_draft,tpl_an_uong_do_uong,37f9dc76e6a0f0a76ca0c91000c173d94cccdd761dec4ed7366f77dd84116417,original_vi,an_uong_do_uong_02,spendwise_authored,,,Ví dụ hư cấu được trợ lý AI soạn theo guideline v0.1; chưa có người kiểm tra độc lập.
seed_an_uong_do_uong_02_nd,ai_draft,tpl_an_uong_do_uong,54db138c69a8484d7efd4c091e34a44dc4ecd23ea45bb660e302598ffb96dd27,diacritic_removed,an_uong_do_uong_02,spendwise_authored,,,Ví dụ hư cấu được trợ lý AI soạn theo guideline v0.1; chưa có người kiểm tra độc lập.
seed_an_uong_do_uong_03,ai_draft,tpl_an_uong_do_uong,76d8b8eb7fec30495ba56ee639bfd8b6746dc96713e33ab68f9c653604b07bde,original_vi,an_uong_do_uong_03,spendwise_authored,,,Ví dụ hư cấu được trợ lý AI soạn theo guideline v0.1; chưa có người kiểm tra độc lập.
seed_an_uong_do_uong_03_nd,ai_draft,tpl_an_uong_do_uong,ad3403da1cab27b19ad7864b3b51d435101fb8150ec4bb1eca92af46a6e1de2b,diacritic_removed,an_uong_do_uong_03,spendwise_authored,,,Ví dụ hư cấu được trợ lý AI soạn theo guideline v0.1; chưa có người kiểm tra độc lập.
seed_an_uong_do_uong_04,ai_draft,tpl_an_uong_do_uong,affea02add5a684f9a5a4da8e2f91618ac72c86d1f3272977dca3dbc2bac0b04,original_vi,an_uong_do_uong_04,spendwise_authored,,,Ví dụ hư cấu được trợ lý AI soạn theo guideline v0.1; chưa có người kiểm tra độc lập.
seed_an_uong_do_uong_04_nd,ai_draft,tpl_an_uong_do_uong,a212871a9603a81a56b225eee6f0348e80c48bbdd2a29365e820f1bff15fa711,diacritic_removed,an_uong_do_uong_04,spendwise_authored,,,Ví dụ hư cấu được trợ lý AI soạn theo guideline v0.1; chưa có người kiểm tra độc lập.
seed_an_uong_do_uong_05,ai_draft,tpl_an_uong_do_uong,0752e246977bc94a93771d5aa1f4cbc4e4840d15b5ff9bcbc1d9f35bd0a107b3,original_vi,an_uong_do_uong_05,spendwise_authored,,,Ví dụ hư cấu được trợ lý AI soạn theo guideline v0.1; chưa có người kiểm tra độc lập.
seed_an_uong_do_uong_05_nd,ai_draft,tpl_an_uong_do_uong,11f126e310ce990d4274e0feeaaa35dc750d466247ca2ec7ca04227f3fbbf39c,diacritic_removed,an_uong_do_uong_05,spendwise_authored,,,Ví dụ hư cấu được trợ lý AI soạn theo guideline v0.1; chưa có người kiểm tra độc lập.
seed_an_uong_thuc_pham_01,ai_draft,tpl_an_uong_thuc_pham,5f6492dbd1fbec73bd1f7bd084a2fa91d6a8ec5dd408d9600874dc77951b65dc,original_vi,an_uong_thuc_pham_01,spendwise_authored,,,Ví dụ hư cấu được trợ lý AI soạn theo guideline v0.1; chưa có người kiểm tra độc lập.
seed_an_uong_thuc_pham_01_nd,ai_draft,tpl_an_uong_thuc_pham,13ddabb5d1ce47dfbd16931fca511eecef9538a860886b6f0ea70fd477f3d89a,diacritic_removed,an_uong_thuc_pham_01,spendwise_authored,,,Ví dụ hư cấu được trợ lý AI soạn theo guideline v0.1; chưa có người kiểm tra độc lập.
seed_an_uong_thuc_pham_02,ai_draft,tpl_an_uong_thuc_pham,b03864b19f0907f5bd88f8370c63532bd1e8fd81a60255960b7f6409a0481e36,original_vi,an_uong_thuc_pham_02,spendwise_authored,,,Ví dụ hư cấu được trợ lý AI soạn theo guideline v0.1; chưa có người kiểm tra độc lập.
seed_an_uong_thuc_pham_02_nd,ai_draft,tpl_an_uong_thuc_pham,886011b63fc6ff64f2012c9cb6f59599b6daef2e48ee4ed6809299145db38051,diacritic_removed,an_uong_thuc_pham_02,spendwise_authored,,,Ví dụ hư cấu được trợ lý AI soạn theo guideline v0.1; chưa có người kiểm tra độc lập.
seed_an_uong_thuc_pham_03,ai_draft,tpl_an_uong_thuc_pham,1441c9e8e4f9fd3580903f52555784254be87600247b364d6c936a3e35aaa2e2,original_vi,an_uong_thuc_pham_03,spendwise_authored,,,Ví dụ hư cấu được trợ lý AI soạn theo guideline v0.1; chưa có người kiểm tra độc lập.
seed_an_uong_thuc_pham_03_nd,ai_draft,tpl_an_uong_thuc_pham,d953b8119a936c52b30410cac44120b71c34915529be84d0a03681e4e28efbe7,diacritic_removed,an_uong_thuc_pham_03,spendwise_authored,,,Ví dụ hư cấu được trợ lý AI soạn theo guideline v0.1; chưa có người kiểm tra độc lập.
seed_an_uong_thuc_pham_04,ai_draft,tpl_an_uong_thuc_pham,6aef106e0b70a0fb32c90d1b9cd65f4b819f397b9b2f2311df015972fcf773dd,original_vi,an_uong_thuc_pham_04,spendwise_authored,,,Ví dụ hư cấu được trợ lý AI soạn theo guideline v0.1; chưa có người kiểm tra độc lập.
seed_an_uong_thuc_pham_04_nd,ai_draft,tpl_an_uong_thuc_pham,5229f2ddc7bb5ac16d8aaa84263d25623030b1a257df3e531b6e0356a815a7c3,diacritic_removed,an_uong_thuc_pham_04,spendwise_authored,,,Ví dụ hư cấu được trợ lý AI soạn theo guideline v0.1; chưa có người kiểm tra độc lập.
seed_an_uong_thuc_pham_05,ai_draft,tpl_an_uong_thuc_pham,a9de2f719d11ba27bd1a168c849498a45eff948f5f7c8fa7919333ae5fe37dec,original_vi,an_uong_thuc_pham_05,spendwise_authored,,,Ví dụ hư cấu được trợ lý AI soạn theo guideline v0.1; chưa có người kiểm tra độc lập.
seed_an_uong_thuc_pham_05_nd,ai_draft,tpl_an_uong_thuc_pham,5e97955db2668b62c56dc7e45d6a8e2f17c0fc6b6491cf3702db2e646aa6f933,diacritic_removed,an_uong_thuc_pham_05,spendwise_authored,,,Ví dụ hư cấu được trợ lý AI soạn theo guideline v0.1; chưa có người kiểm tra độc lập.
seed_an_uong_giao_do_an_01,ai_draft,tpl_an_uong_giao_do_an,ad0922c1a3142f29f9fdc0695b05e6e68238a98ea03c19ec5b580713677c6f4f,original_vi,an_uong_giao_do_an_01,spendwise_authored,,,Ví dụ hư cấu được trợ lý AI soạn theo guideline v0.1; chưa có người kiểm tra độc lập.
seed_an_uong_giao_do_an_01_nd,ai_draft,tpl_an_uong_giao_do_an,db32e6c9dd52c29abd9c4fe15b6bb44698a33fe0b0b3530c98f679d79863c5e8,diacritic_removed,an_uong_giao_do_an_01,spendwise_authored,,,Ví dụ hư cấu được trợ lý AI soạn theo guideline v0.1; chưa có người kiểm tra độc lập.
seed_an_uong_giao_do_an_02,ai_draft,tpl_an_uong_giao_do_an,a9d1486c82dfa3600b68fea477bd556c132a0866b3182f18c1573d483fdb54f9,original_vi,an_uong_giao_do_an_02,spendwise_authored,,,Ví dụ hư cấu được trợ lý AI soạn theo guideline v0.1; chưa có người kiểm tra độc lập.
seed_an_uong_giao_do_an_02_nd,ai_draft,tpl_an_uong_giao_do_an,53808a669dac72c7199e2ed2b64ebb408bba1360440b1f50e61f752698c04c77,diacritic_removed,an_uong_giao_do_an_02,spendwise_authored,,,Ví dụ hư cấu được trợ lý AI soạn theo guideline v0.1; chưa có người kiểm tra độc lập.
seed_an_uong_giao_do_an_03,ai_draft,tpl_an_uong_giao_do_an,78f9accfc48f467cc9c8c4e3fad4946ec15688e57154e889a1ca8df1bd40a379,original_vi,an_uong_giao_do_an_03,spendwise_authored,,,Ví dụ hư cấu được trợ lý AI soạn theo guideline v0.1; chưa có người kiểm tra độc lập.
seed_an_uong_giao_do_an_03_nd,ai_draft,tpl_an_uong_giao_do_an,c0d67b956327a8eb4b16fa8cc2215ee0c0e65b4b0ec6574ff8e803ff3e658a04,diacritic_removed,an_uong_giao_do_an_03,spendwise_authored,,,Ví dụ hư cấu được trợ lý AI soạn theo guideline v0.1; chưa có người kiểm tra độc lập.
seed_an_uong_giao_do_an_04,ai_draft,tpl_an_uong_giao_do_an,3413b2f8c5616227ca4bbaa3eeb614a3738c82cdd5442c1bc981783eab837ab1,original_vi,an_uong_giao_do_an_04,spendwise_authored,,,Ví dụ hư cấu được trợ lý AI soạn theo guideline v0.1; chưa có người kiểm tra độc lập.
seed_an_uong_giao_do_an_04_nd,ai_draft,tpl_an_uong_giao_do_an,8b8438bced8c7fd912c032553fbe66d0494e7db95376fa73610baf6df57b8371,diacritic_removed,an_uong_giao_do_an_04,spendwise_authored,,,Ví dụ hư cấu được trợ lý AI soạn theo guideline v0.1; chưa có người kiểm tra độc lập.
seed_an_uong_giao_do_an_05,ai_draft,tpl_an_uong_giao_do_an,befbebbd60e71fb5c471628f5efc71e8513114506a9e44555c02970d479913af,original_vi,an_uong_giao_do_an_05,spendwise_authored,,,Ví dụ hư cấu được trợ lý AI soạn theo guideline v0.1; chưa có người kiểm tra độc lập.
seed_an_uong_giao_do_an_05_nd,ai_draft,tpl_an_uong_giao_do_an,a8d1348d0b95c8e3ab4141406011c57403d4737f984e3e96677f9e4d8397fd2e,diacritic_removed,an_uong_giao_do_an_05,spendwise_authored,,,Ví dụ hư cấu được trợ lý AI soạn theo guideline v0.1; chưa có người kiểm tra độc lập.
seed_di_chuyen_ve_phuong_tien_01,ai_draft,tpl_di_chuyen_ve_phuong_tien,b9bda869d68ca2615a22c541eb7c3ed6edc34211f66bb66cc380bbc38dbad134,original_vi,di_chuyen_ve_phuong_tien_01,spendwise_authored,,,Ví dụ hư cấu được trợ lý AI soạn theo guideline v0.1; chưa có người kiểm tra độc lập.
seed_di_chuyen_ve_phuong_tien_01_nd,ai_draft,tpl_di_chuyen_ve_phuong_tien,8447d843f0a64b655b9baa1127b3670aeb9b6395522c8c2f2a65a1b2f25d73bc,diacritic_removed,di_chuyen_ve_phuong_tien_01,spendwise_authored,,,Ví dụ hư cấu được trợ lý AI soạn theo guideline v0.1; chưa có người kiểm tra độc lập.
seed_di_chuyen_ve_phuong_tien_02,ai_draft,tpl_di_chuyen_ve_phuong_tien,5d0723692992716d7bbbd0221a7ca0e9e0550b9184562e04c5467230cfb7656e,original_vi,di_chuyen_ve_phuong_tien_02,spendwise_authored,,,Ví dụ hư cấu được trợ lý AI soạn theo guideline v0.1; chưa có người kiểm tra độc lập.
seed_di_chuyen_ve_phuong_tien_02_nd,ai_draft,tpl_di_chuyen_ve_phuong_tien,82c111a3cb12ba8466cab277e07917212f622c84f9001ff17a44499dfdb767ea,diacritic_removed,di_chuyen_ve_phuong_tien_02,spendwise_authored,,,Ví dụ hư cấu được trợ lý AI soạn theo guideline v0.1; chưa có người kiểm tra độc lập.
seed_di_chuyen_ve_phuong_tien_03,ai_draft,tpl_di_chuyen_ve_phuong_tien,f51e1f769d99d37577bbb6b74af519ed115887a1c5f40a5c23c96d3d4a44f582,original_vi,di_chuyen_ve_phuong_tien_03,spendwise_authored,,,Ví dụ hư cấu được trợ lý AI soạn theo guideline v0.1; chưa có người kiểm tra độc lập.
seed_di_chuyen_ve_phuong_tien_03_nd,ai_draft,tpl_di_chuyen_ve_phuong_tien,3cc9c161e2500e1e5520959a48a75dec756f811434029b6193063d5c37c01114,diacritic_removed,di_chuyen_ve_phuong_tien_03,spendwise_authored,,,Ví dụ hư cấu được trợ lý AI soạn theo guideline v0.1; chưa có người kiểm tra độc lập.
seed_di_chuyen_ve_phuong_tien_04,ai_draft,tpl_di_chuyen_ve_phuong_tien,f798d8e861692c2f09d4ee7502e021208b5ad2a2567a5f2aab8c120345e561f1,original_vi,di_chuyen_ve_phuong_tien_04,spendwise_authored,,,Ví dụ hư cấu được trợ lý AI soạn theo guideline v0.1; chưa có người kiểm tra độc lập.
seed_di_chuyen_ve_phuong_tien_04_nd,ai_draft,tpl_di_chuyen_ve_phuong_tien,92adb459b93dde5a89f51341eb2dea6e6609f6d64d8762055771b54761042648,diacritic_removed,di_chuyen_ve_phuong_tien_04,spendwise_authored,,,Ví dụ hư cấu được trợ lý AI soạn theo guideline v0.1; chưa có người kiểm tra độc lập.
seed_di_chuyen_ve_phuong_tien_05,ai_draft,tpl_di_chuyen_ve_phuong_tien,9def7c0b5a635c1112d3a9a250fef11798140686bbc381e6ff40e1d4156a4c7d,original_vi,di_chuyen_ve_phuong_tien_05,spendwise_authored,,,Ví dụ hư cấu được trợ lý AI soạn theo guideline v0.1; chưa có người kiểm tra độc lập.
seed_di_chuyen_ve_phuong_tien_05_nd,ai_draft,tpl_di_chuyen_ve_phuong_tien,ee9f1afb7ff4750ddff29ec926d243fe07d0a75be6e9a7c296adb9aaece20e49,diacritic_removed,di_chuyen_ve_phuong_tien_05,spendwise_authored,,,Ví dụ hư cấu được trợ lý AI soạn theo guideline v0.1; chưa có người kiểm tra độc lập.
seed_di_chuyen_xe_cong_nghe_01,ai_draft,tpl_di_chuyen_xe_cong_nghe,41d3d63fe2d4c3fa4f5c06f72fd286a2deac1bbc03201c25da607cd7008f7815,original_vi,di_chuyen_xe_cong_nghe_01,spendwise_authored,,,Ví dụ hư cấu được trợ lý AI soạn theo guideline v0.1; chưa có người kiểm tra độc lập.
seed_di_chuyen_xe_cong_nghe_01_nd,ai_draft,tpl_di_chuyen_xe_cong_nghe,24a83c6b581afb9cf8e5ca118ed7445c4573391c8aaf41106957a62ed6cd3a69,diacritic_removed,di_chuyen_xe_cong_nghe_01,spendwise_authored,,,Ví dụ hư cấu được trợ lý AI soạn theo guideline v0.1; chưa có người kiểm tra độc lập.
seed_di_chuyen_xe_cong_nghe_02,ai_draft,tpl_di_chuyen_xe_cong_nghe,2ad36e86eb09c43bb6fb9a1d64316c1963e87a30410ed322857e6023dcc69488,original_vi,di_chuyen_xe_cong_nghe_02,spendwise_authored,,,Ví dụ hư cấu được trợ lý AI soạn theo guideline v0.1; chưa có người kiểm tra độc lập.
seed_di_chuyen_xe_cong_nghe_02_nd,ai_draft,tpl_di_chuyen_xe_cong_nghe,6bbd7c0c536f10e830434c6904a16ed6484622686f099685a36cf4097f947786,diacritic_removed,di_chuyen_xe_cong_nghe_02,spendwise_authored,,,Ví dụ hư cấu được trợ lý AI soạn theo guideline v0.1; chưa có người kiểm tra độc lập.
seed_di_chuyen_xe_cong_nghe_03,ai_draft,tpl_di_chuyen_xe_cong_nghe,4f4ada8a7c4ca33b4ddaeb7a5249071fb3a37a357f3c7371120be171fa12d582,original_vi,di_chuyen_xe_cong_nghe_03,spendwise_authored,,,Ví dụ hư cấu được trợ lý AI soạn theo guideline v0.1; chưa có người kiểm tra độc lập.
seed_di_chuyen_xe_cong_nghe_03_nd,ai_draft,tpl_di_chuyen_xe_cong_nghe,838158347fb20c869805b84011333c2536d40174d25b69fce6a545b2e523eab2,diacritic_removed,di_chuyen_xe_cong_nghe_03,spendwise_authored,,,Ví dụ hư cấu được trợ lý AI soạn theo guideline v0.1; chưa có người kiểm tra độc lập.
seed_di_chuyen_xe_cong_nghe_04,ai_draft,tpl_di_chuyen_xe_cong_nghe,7fe52189f3a146c4c9cef562ad3b61774912725ae83d7217e3982873542e4aa7,original_vi,di_chuyen_xe_cong_nghe_04,spendwise_authored,,,Ví dụ hư cấu được trợ lý AI soạn theo guideline v0.1; chưa có người kiểm tra độc lập.
seed_di_chuyen_xe_cong_nghe_04_nd,ai_draft,tpl_di_chuyen_xe_cong_nghe,12452d42d67dcd079f9aa4b2298f706c11781f098b0d6103887bc7997a0db110,diacritic_removed,di_chuyen_xe_cong_nghe_04,spendwise_authored,,,Ví dụ hư cấu được trợ lý AI soạn theo guideline v0.1; chưa có người kiểm tra độc lập.
seed_di_chuyen_xe_cong_nghe_05,ai_draft,tpl_di_chuyen_xe_cong_nghe,a209c194f9bf924fbf21d06da28ff15b222fe1d6af572d4e3c386b8fa39604b5,original_vi,di_chuyen_xe_cong_nghe_05,spendwise_authored,,,Ví dụ hư cấu được trợ lý AI soạn theo guideline v0.1; chưa có người kiểm tra độc lập.
seed_di_chuyen_xe_cong_nghe_05_nd,ai_draft,tpl_di_chuyen_xe_cong_nghe,5af94a773f9232c2e0504afdb13d5ce8cd489f1e4cb814de14f5d19cd0ebd127,diacritic_removed,di_chuyen_xe_cong_nghe_05,spendwise_authored,,,Ví dụ hư cấu được trợ lý AI soạn theo guideline v0.1; chưa có người kiểm tra độc lập.
seed_di_chuyen_xang_gui_xe_01,ai_draft,tpl_di_chuyen_xang_gui_xe,00e0eb1c75dabd5e1f6338d308ea6e9e967a2d2868ab7330a46473d7ce92a441,original_vi,di_chuyen_xang_gui_xe_01,spendwise_authored,,,Ví dụ hư cấu được trợ lý AI soạn theo guideline v0.1; chưa có người kiểm tra độc lập.
seed_di_chuyen_xang_gui_xe_01_nd,ai_draft,tpl_di_chuyen_xang_gui_xe,437048231189ff70c15e02c2d4ad322ce1b6b7747c913330f3613ee3c2a36b61,diacritic_removed,di_chuyen_xang_gui_xe_01,spendwise_authored,,,Ví dụ hư cấu được trợ lý AI soạn theo guideline v0.1; chưa có người kiểm tra độc lập.
seed_di_chuyen_xang_gui_xe_02,ai_draft,tpl_di_chuyen_xang_gui_xe,e2e4d090c5f8e117503c1dd21ce50a5d306ff2c83b80c7a6032590e465a55c85,original_vi,di_chuyen_xang_gui_xe_02,spendwise_authored,,,Ví dụ hư cấu được trợ lý AI soạn theo guideline v0.1; chưa có người kiểm tra độc lập.
seed_di_chuyen_xang_gui_xe_02_nd,ai_draft,tpl_di_chuyen_xang_gui_xe,277059d9095551ab7e4b43ab1a58ab6f154c7cf4a2e54078dba4fc85f190dc36,diacritic_removed,di_chuyen_xang_gui_xe_02,spendwise_authored,,,Ví dụ hư cấu được trợ lý AI soạn theo guideline v0.1; chưa có người kiểm tra độc lập.
seed_di_chuyen_xang_gui_xe_03,ai_draft,tpl_di_chuyen_xang_gui_xe,88728442d5bb3ad6a6b3eca8df089f706c38514727a6b4d57769661dc7f41a57,original_vi,di_chuyen_xang_gui_xe_03,spendwise_authored,,,Ví dụ hư cấu được trợ lý AI soạn theo guideline v0.1; chưa có người kiểm tra độc lập.
seed_di_chuyen_xang_gui_xe_03_nd,ai_draft,tpl_di_chuyen_xang_gui_xe,96174c3c8ad54804990cf602541526a0c225c85ae50caae26ac933e7235c1343,diacritic_removed,di_chuyen_xang_gui_xe_03,spendwise_authored,,,Ví dụ hư cấu được trợ lý AI soạn theo guideline v0.1; chưa có người kiểm tra độc lập.
seed_di_chuyen_xang_gui_xe_04,ai_draft,tpl_di_chuyen_xang_gui_xe,d0fa421e072936b351e6f3c82276d5988a69e107ff183ae180a412bcf2570535,original_vi,di_chuyen_xang_gui_xe_04,spendwise_authored,,,Ví dụ hư cấu được trợ lý AI soạn theo guideline v0.1; chưa có người kiểm tra độc lập.
seed_di_chuyen_xang_gui_xe_04_nd,ai_draft,tpl_di_chuyen_xang_gui_xe,4908c034b26d3e9ca0b3fc7ce203134b299b0a3b834fcecc992272038236d13b,diacritic_removed,di_chuyen_xang_gui_xe_04,spendwise_authored,,,Ví dụ hư cấu được trợ lý AI soạn theo guideline v0.1; chưa có người kiểm tra độc lập.
seed_di_chuyen_xang_gui_xe_05,ai_draft,tpl_di_chuyen_xang_gui_xe,b1f26ce0386d9c965819e0a13d660f246a5756cd75bc11a76d8986166ab6cf7e,original_vi,di_chuyen_xang_gui_xe_05,spendwise_authored,,,Ví dụ hư cấu được trợ lý AI soạn theo guideline v0.1; chưa có người kiểm tra độc lập.
seed_di_chuyen_xang_gui_xe_05_nd,ai_draft,tpl_di_chuyen_xang_gui_xe,b1f08393bd912d9f2f51b8253f9a8a0ab8669722674874c197d33a2a6aa6a747,diacritic_removed,di_chuyen_xang_gui_xe_05,spendwise_authored,,,Ví dụ hư cấu được trợ lý AI soạn theo guideline v0.1; chưa có người kiểm tra độc lập.
seed_di_chuyen_sua_xe_01,ai_draft,tpl_di_chuyen_sua_xe,4f4bad721a2570a891dfe2169417aaf92853eda296da4eb3b2f2236ac64c2042,original_vi,di_chuyen_sua_xe_01,spendwise_authored,,,Ví dụ hư cấu được trợ lý AI soạn theo guideline v0.1; chưa có người kiểm tra độc lập.
seed_di_chuyen_sua_xe_01_nd,ai_draft,tpl_di_chuyen_sua_xe,b6be6876958e015567da5070c0a9f5ea0c44c37831e5bd5a53c3afc366674b7e,diacritic_removed,di_chuyen_sua_xe_01,spendwise_authored,,,Ví dụ hư cấu được trợ lý AI soạn theo guideline v0.1; chưa có người kiểm tra độc lập.
seed_di_chuyen_sua_xe_02,ai_draft,tpl_di_chuyen_sua_xe,f6431414e587ea099a3b88c1f99cf94606e720658d59fe747269849eee3bb969,original_vi,di_chuyen_sua_xe_02,spendwise_authored,,,Ví dụ hư cấu được trợ lý AI soạn theo guideline v0.1; chưa có người kiểm tra độc lập.
seed_di_chuyen_sua_xe_02_nd,ai_draft,tpl_di_chuyen_sua_xe,73327a11e218a83c48d0a952362dc0a0e25e073f5fb694b20eceed24208c9467,diacritic_removed,di_chuyen_sua_xe_02,spendwise_authored,,,Ví dụ hư cấu được trợ lý AI soạn theo guideline v0.1; chưa có người kiểm tra độc lập.
seed_di_chuyen_sua_xe_03,ai_draft,tpl_di_chuyen_sua_xe,4ad1b73d8adc0a1a9fd2c3cead7bad72c664df15c278824e87a98fb289a458aa,original_vi,di_chuyen_sua_xe_03,spendwise_authored,,,Ví dụ hư cấu được trợ lý AI soạn theo guideline v0.1; chưa có người kiểm tra độc lập.
seed_di_chuyen_sua_xe_03_nd,ai_draft,tpl_di_chuyen_sua_xe,dde4320a7cdadd307938dabf6be5fd0c8e942e8443473dca854501f52169ba9a,diacritic_removed,di_chuyen_sua_xe_03,spendwise_authored,,,Ví dụ hư cấu được trợ lý AI soạn theo guideline v0.1; chưa có người kiểm tra độc lập.
seed_di_chuyen_sua_xe_04,ai_draft,tpl_di_chuyen_sua_xe,002719771025977385a5ed49753d1f56869aec915598028a0cdf7d519d4b2fed,original_vi,di_chuyen_sua_xe_04,spendwise_authored,,,Ví dụ hư cấu được trợ lý AI soạn theo guideline v0.1; chưa có người kiểm tra độc lập.
seed_di_chuyen_sua_xe_04_nd,ai_draft,tpl_di_chuyen_sua_xe,428264f7b26640a1144774dc47509fcff08dce9b25279f714e31e5efa8c5d740,diacritic_removed,di_chuyen_sua_xe_04,spendwise_authored,,,Ví dụ hư cấu được trợ lý AI soạn theo guideline v0.1; chưa có người kiểm tra độc lập.
seed_di_chuyen_sua_xe_05,ai_draft,tpl_di_chuyen_sua_xe,ce0271650ac88fcb7cf9e480ac5255c179de621f1d7112d86087fab4fbdd20ff,original_vi,di_chuyen_sua_xe_05,spendwise_authored,,,Ví dụ hư cấu được trợ lý AI soạn theo guideline v0.1; chưa có người kiểm tra độc lập.
seed_di_chuyen_sua_xe_05_nd,ai_draft,tpl_di_chuyen_sua_xe,c91550c22d59b7c008e628a872dc7908422c6d331c84ae61452f3b00d67affa1,diacritic_removed,di_chuyen_sua_xe_05,spendwise_authored,,,Ví dụ hư cấu được trợ lý AI soạn theo guideline v0.1; chưa có người kiểm tra độc lập.
seed_nha_o_hoa_don_thue_o_01,ai_draft,tpl_nha_o_hoa_don_thue_o,a33edc9960ce342d4bc8a924c5276fb254cdff6e9167db04e8e477a5fe7b0ee6,original_vi,nha_o_hoa_don_thue_o_01,spendwise_authored,,,Ví dụ hư cấu được trợ lý AI soạn theo guideline v0.1; chưa có người kiểm tra độc lập.
seed_nha_o_hoa_don_thue_o_01_nd,ai_draft,tpl_nha_o_hoa_don_thue_o,a3e96308d910e18d17cbb5d92c4cd4e299dcbbdbce376ee080a92770a437c27e,diacritic_removed,nha_o_hoa_don_thue_o_01,spendwise_authored,,,Ví dụ hư cấu được trợ lý AI soạn theo guideline v0.1; chưa có người kiểm tra độc lập.
seed_nha_o_hoa_don_thue_o_02,ai_draft,tpl_nha_o_hoa_don_thue_o,4f0d5d0f37b106fd7b99610c7ab2d0e95cb18662351ae5d8407c0d022f3b0ae7,original_vi,nha_o_hoa_don_thue_o_02,spendwise_authored,,,Ví dụ hư cấu được trợ lý AI soạn theo guideline v0.1; chưa có người kiểm tra độc lập.
seed_nha_o_hoa_don_thue_o_02_nd,ai_draft,tpl_nha_o_hoa_don_thue_o,8c35720b7f3fb9f24ed2a2d9fab9742cc02378598326ff970139e387aec84d83,diacritic_removed,nha_o_hoa_don_thue_o_02,spendwise_authored,,,Ví dụ hư cấu được trợ lý AI soạn theo guideline v0.1; chưa có người kiểm tra độc lập.
seed_nha_o_hoa_don_thue_o_03,ai_draft,tpl_nha_o_hoa_don_thue_o,0fc8d75269ba1fc3cfe103458338b32080190b26becc5a5403c21bc0fa524274,original_vi,nha_o_hoa_don_thue_o_03,spendwise_authored,,,Ví dụ hư cấu được trợ lý AI soạn theo guideline v0.1; chưa có người kiểm tra độc lập.
seed_nha_o_hoa_don_thue_o_03_nd,ai_draft,tpl_nha_o_hoa_don_thue_o,e587072f9862b5f79f0d81d9bac70a8bd242f84532f9f64fc2454a2715444f44,diacritic_removed,nha_o_hoa_don_thue_o_03,spendwise_authored,,,Ví dụ hư cấu được trợ lý AI soạn theo guideline v0.1; chưa có người kiểm tra độc lập.
seed_nha_o_hoa_don_thue_o_04,ai_draft,tpl_nha_o_hoa_don_thue_o,9cb3ba1b8bd50ee98326b8ae76a2c587097be48ed5a3d470b0a5ffc78a9d5b5e,original_vi,nha_o_hoa_don_thue_o_04,spendwise_authored,,,Ví dụ hư cấu được trợ lý AI soạn theo guideline v0.1; chưa có người kiểm tra độc lập.
seed_nha_o_hoa_don_thue_o_04_nd,ai_draft,tpl_nha_o_hoa_don_thue_o,4f5ffd578f73dca1ab3d018cd8e330d07d39f3b3b1591b69b2e00532dbc6227e,diacritic_removed,nha_o_hoa_don_thue_o_04,spendwise_authored,,,Ví dụ hư cấu được trợ lý AI soạn theo guideline v0.1; chưa có người kiểm tra độc lập.
seed_nha_o_hoa_don_thue_o_05,ai_draft,tpl_nha_o_hoa_don_thue_o,87056bbabc0e2068ba8b74abb2c1acb58a13e672a959f36152747b0c16c88893,original_vi,nha_o_hoa_don_thue_o_05,spendwise_authored,,,Ví dụ hư cấu được trợ lý AI soạn theo guideline v0.1; chưa có người kiểm tra độc lập.
seed_nha_o_hoa_don_thue_o_05_nd,ai_draft,tpl_nha_o_hoa_don_thue_o,55f890c0c7782c7a2966d6011c24acf9e7df31e6a3dae0395a09c7e8ac4de3eb,diacritic_removed,nha_o_hoa_don_thue_o_05,spendwise_authored,,,Ví dụ hư cấu được trợ lý AI soạn theo guideline v0.1; chưa có người kiểm tra độc lập.
seed_nha_o_hoa_don_dien_nuoc_01,ai_draft,tpl_nha_o_hoa_don_dien_nuoc,c94766bd62cba4f3eb172bcf9737b1f61c17808958fae0666fe82f54618dd4f3,original_vi,nha_o_hoa_don_dien_nuoc_01,spendwise_authored,,,Ví dụ hư cấu được trợ lý AI soạn theo guideline v0.1; chưa có người kiểm tra độc lập.
seed_nha_o_hoa_don_dien_nuoc_01_nd,ai_draft,tpl_nha_o_hoa_don_dien_nuoc,0d6637f5bc67c06c7166900fc8a5eb2d99e1ee82281252ab5d0f6eb5256dc036,diacritic_removed,nha_o_hoa_don_dien_nuoc_01,spendwise_authored,,,Ví dụ hư cấu được trợ lý AI soạn theo guideline v0.1; chưa có người kiểm tra độc lập.
seed_nha_o_hoa_don_dien_nuoc_02,ai_draft,tpl_nha_o_hoa_don_dien_nuoc,a4c3c1fbb5169334cf919b11a5357676549a75cba49fd04fb634b8cc8ca766e3,original_vi,nha_o_hoa_don_dien_nuoc_02,spendwise_authored,,,Ví dụ hư cấu được trợ lý AI soạn theo guideline v0.1; chưa có người kiểm tra độc lập.
seed_nha_o_hoa_don_dien_nuoc_02_nd,ai_draft,tpl_nha_o_hoa_don_dien_nuoc,398ec7427796f4473f810addeba0a3ffc77ab5aa5567488cdcfc010c5fa54a44,diacritic_removed,nha_o_hoa_don_dien_nuoc_02,spendwise_authored,,,Ví dụ hư cấu được trợ lý AI soạn theo guideline v0.1; chưa có người kiểm tra độc lập.
seed_nha_o_hoa_don_dien_nuoc_03,ai_draft,tpl_nha_o_hoa_don_dien_nuoc,e03633f7a61ab387a21bd5e3432af20a79e2ce5d1e80376c42ea01d841e83e7f,original_vi,nha_o_hoa_don_dien_nuoc_03,spendwise_authored,,,Ví dụ hư cấu được trợ lý AI soạn theo guideline v0.1; chưa có người kiểm tra độc lập.
seed_nha_o_hoa_don_dien_nuoc_03_nd,ai_draft,tpl_nha_o_hoa_don_dien_nuoc,1785ae39c77c338df259be6949bd663f93ebd80de03812a758f22511abb99e61,diacritic_removed,nha_o_hoa_don_dien_nuoc_03,spendwise_authored,,,Ví dụ hư cấu được trợ lý AI soạn theo guideline v0.1; chưa có người kiểm tra độc lập.
seed_nha_o_hoa_don_dien_nuoc_04,ai_draft,tpl_nha_o_hoa_don_dien_nuoc,ecabde1bb54f7f077f4ce690920b63ab2e72ac9c7fdcd6402594a7ee64f018fa,original_vi,nha_o_hoa_don_dien_nuoc_04,spendwise_authored,,,Ví dụ hư cấu được trợ lý AI soạn theo guideline v0.1; chưa có người kiểm tra độc lập.
seed_nha_o_hoa_don_dien_nuoc_04_nd,ai_draft,tpl_nha_o_hoa_don_dien_nuoc,890612c81ae48fa4bd6a22c9fbc280dfa9c47cd358fef5c703ae1a178e82fe16,diacritic_removed,nha_o_hoa_don_dien_nuoc_04,spendwise_authored,,,Ví dụ hư cấu được trợ lý AI soạn theo guideline v0.1; chưa có người kiểm tra độc lập.
seed_nha_o_hoa_don_dien_nuoc_05,ai_draft,tpl_nha_o_hoa_don_dien_nuoc,763ed6d4f3aa24ea389d2e3dd711e2851ee7a1a7fa815c370c2fe11df9bd657b,original_vi,nha_o_hoa_don_dien_nuoc_05,spendwise_authored,,,Ví dụ hư cấu được trợ lý AI soạn theo guideline v0.1; chưa có người kiểm tra độc lập.
seed_nha_o_hoa_don_dien_nuoc_05_nd,ai_draft,tpl_nha_o_hoa_don_dien_nuoc,9a757da4ce9902574a667d32188935773df7b27bfd7314312a848f808eb9705e,diacritic_removed,nha_o_hoa_don_dien_nuoc_05,spendwise_authored,,,Ví dụ hư cấu được trợ lý AI soạn theo guideline v0.1; chưa có người kiểm tra độc lập.
seed_nha_o_hoa_don_internet_01,ai_draft,tpl_nha_o_hoa_don_internet,aa1ad8a5de474677b923cbc68e77fcd570e2b44f9df63b4658a35f1331366198,original_vi,nha_o_hoa_don_internet_01,spendwise_authored,,,Ví dụ hư cấu được trợ lý AI soạn theo guideline v0.1; chưa có người kiểm tra độc lập.
seed_nha_o_hoa_don_internet_01_nd,ai_draft,tpl_nha_o_hoa_don_internet,90b15e3058a32cf6bc208bb21e858caca8bf67a45145dd071adc62f65f6a709c,diacritic_removed,nha_o_hoa_don_internet_01,spendwise_authored,,,Ví dụ hư cấu được trợ lý AI soạn theo guideline v0.1; chưa có người kiểm tra độc lập.
seed_nha_o_hoa_don_internet_02,ai_draft,tpl_nha_o_hoa_don_internet,bde1b4f147bd82b111dc21f14af963ca55e7c3b2fed0775d25f8e2cc445921ff,original_vi,nha_o_hoa_don_internet_02,spendwise_authored,,,Ví dụ hư cấu được trợ lý AI soạn theo guideline v0.1; chưa có người kiểm tra độc lập.
seed_nha_o_hoa_don_internet_02_nd,ai_draft,tpl_nha_o_hoa_don_internet,2338524a8cdbbf2367bdc970a675eb24c08def9812161f953950b567e27db357,diacritic_removed,nha_o_hoa_don_internet_02,spendwise_authored,,,Ví dụ hư cấu được trợ lý AI soạn theo guideline v0.1; chưa có người kiểm tra độc lập.
seed_nha_o_hoa_don_internet_03,ai_draft,tpl_nha_o_hoa_don_internet,13d0a05d682be4443fcd0761265afe69bec2beac1f27b5161da41a645728eea5,original_vi,nha_o_hoa_don_internet_03,spendwise_authored,,,Ví dụ hư cấu được trợ lý AI soạn theo guideline v0.1; chưa có người kiểm tra độc lập.
seed_nha_o_hoa_don_internet_03_nd,ai_draft,tpl_nha_o_hoa_don_internet,c8d2d9078678b80e1fb82819bea354fa4fef26483a2d0e047c4809da6b40b816,diacritic_removed,nha_o_hoa_don_internet_03,spendwise_authored,,,Ví dụ hư cấu được trợ lý AI soạn theo guideline v0.1; chưa có người kiểm tra độc lập.
seed_nha_o_hoa_don_internet_04,ai_draft,tpl_nha_o_hoa_don_internet,6f010e130d6b34bbced06ef2d6811f8d2b8db5857d5fc4309b77222e85dfbcf3,original_vi,nha_o_hoa_don_internet_04,spendwise_authored,,,Ví dụ hư cấu được trợ lý AI soạn theo guideline v0.1; chưa có người kiểm tra độc lập.
seed_nha_o_hoa_don_internet_04_nd,ai_draft,tpl_nha_o_hoa_don_internet,bef3be94b571d18f6a7637c872cf352dfd2172aca546f8e9ff68d2770d7d143a,diacritic_removed,nha_o_hoa_don_internet_04,spendwise_authored,,,Ví dụ hư cấu được trợ lý AI soạn theo guideline v0.1; chưa có người kiểm tra độc lập.
seed_nha_o_hoa_don_internet_05,ai_draft,tpl_nha_o_hoa_don_internet,f96b078a40f201b397d6f639fdeba457788afc5b9e507f141f3a147742aabbaf,original_vi,nha_o_hoa_don_internet_05,spendwise_authored,,,Ví dụ hư cấu được trợ lý AI soạn theo guideline v0.1; chưa có người kiểm tra độc lập.
seed_nha_o_hoa_don_internet_05_nd,ai_draft,tpl_nha_o_hoa_don_internet,e51b0beb494e46929049ea1f28436f2a987cc275eee662b9aaa37db8135b1f60,diacritic_removed,nha_o_hoa_don_internet_05,spendwise_authored,,,Ví dụ hư cấu được trợ lý AI soạn theo guideline v0.1; chưa có người kiểm tra độc lập.
seed_nha_o_hoa_don_dien_thoai_01,ai_draft,tpl_nha_o_hoa_don_dien_thoai,c3247b94c66d4968345e311737b624150b456b84b731bf55e03b59812ad32d2b,original_vi,nha_o_hoa_don_dien_thoai_01,spendwise_authored,,,Ví dụ hư cấu được trợ lý AI soạn theo guideline v0.1; chưa có người kiểm tra độc lập.
seed_nha_o_hoa_don_dien_thoai_01_nd,ai_draft,tpl_nha_o_hoa_don_dien_thoai,ae8d7dd35cd07c91cd158d35409c52440fc367f7e864b53aadc38d8a5b5a5e0c,diacritic_removed,nha_o_hoa_don_dien_thoai_01,spendwise_authored,,,Ví dụ hư cấu được trợ lý AI soạn theo guideline v0.1; chưa có người kiểm tra độc lập.
seed_nha_o_hoa_don_dien_thoai_02,ai_draft,tpl_nha_o_hoa_don_dien_thoai,8ca026a6e38b803244b4765925260944e2f8ffad18ecf8be4381e99e8bef4344,original_vi,nha_o_hoa_don_dien_thoai_02,spendwise_authored,,,Ví dụ hư cấu được trợ lý AI soạn theo guideline v0.1; chưa có người kiểm tra độc lập.
seed_nha_o_hoa_don_dien_thoai_02_nd,ai_draft,tpl_nha_o_hoa_don_dien_thoai,90acb2ff819ab7ea161afb5c2b6138595618d0f5414331ceea760dfc3a28d3dc,diacritic_removed,nha_o_hoa_don_dien_thoai_02,spendwise_authored,,,Ví dụ hư cấu được trợ lý AI soạn theo guideline v0.1; chưa có người kiểm tra độc lập.
seed_nha_o_hoa_don_dien_thoai_03,ai_draft,tpl_nha_o_hoa_don_dien_thoai,bd2240f8e566a0998d5120a69879f1dec282b59b4a1e5fcf50520a60c6e5b39a,original_vi,nha_o_hoa_don_dien_thoai_03,spendwise_authored,,,Ví dụ hư cấu được trợ lý AI soạn theo guideline v0.1; chưa có người kiểm tra độc lập.
seed_nha_o_hoa_don_dien_thoai_03_nd,ai_draft,tpl_nha_o_hoa_don_dien_thoai,534050252d2711889f3712547f4159e14ec0b990614397a863065c93cdaa578a,diacritic_removed,nha_o_hoa_don_dien_thoai_03,spendwise_authored,,,Ví dụ hư cấu được trợ lý AI soạn theo guideline v0.1; chưa có người kiểm tra độc lập.
seed_nha_o_hoa_don_dien_thoai_04,ai_draft,tpl_nha_o_hoa_don_dien_thoai,0ca01441c714959069f8e79d97c7d358c83bfc299c6af4bdb3ccfa048e038b96,original_vi,nha_o_hoa_don_dien_thoai_04,spendwise_authored,,,Ví dụ hư cấu được trợ lý AI soạn theo guideline v0.1; chưa có người kiểm tra độc lập.
seed_nha_o_hoa_don_dien_thoai_04_nd,ai_draft,tpl_nha_o_hoa_don_dien_thoai,11acc8814077b040d7ed58388907e128a6bb0cb5d37fcd2535f450618afe2789,diacritic_removed,nha_o_hoa_don_dien_thoai_04,spendwise_authored,,,Ví dụ hư cấu được trợ lý AI soạn theo guideline v0.1; chưa có người kiểm tra độc lập.
seed_nha_o_hoa_don_dien_thoai_05,ai_draft,tpl_nha_o_hoa_don_dien_thoai,15e4e45fc62d30050a5b9fb033d1477e167559eccf0d9d21c4cfc4a220556279,original_vi,nha_o_hoa_don_dien_thoai_05,spendwise_authored,,,Ví dụ hư cấu được trợ lý AI soạn theo guideline v0.1; chưa có người kiểm tra độc lập.
seed_nha_o_hoa_don_dien_thoai_05_nd,ai_draft,tpl_nha_o_hoa_don_dien_thoai,74b80f9c70c5c4d404bca03d8bd4406287549a9419a0873601a46da19968d9e4,diacritic_removed,nha_o_hoa_don_dien_thoai_05,spendwise_authored,,,Ví dụ hư cấu được trợ lý AI soạn theo guideline v0.1; chưa có người kiểm tra độc lập.
seed_hoc_tap_hoc_phi_01,ai_draft,tpl_hoc_tap_hoc_phi,9caeb80f0758800bee37a4562e1db02431ef55ae5ba324201993133e39584c37,original_vi,hoc_tap_hoc_phi_01,spendwise_authored,,,Ví dụ hư cấu được trợ lý AI soạn theo guideline v0.1; chưa có người kiểm tra độc lập.
seed_hoc_tap_hoc_phi_01_nd,ai_draft,tpl_hoc_tap_hoc_phi,37318ceea85012b073531a8ffb2ee1aa9ffc8d056fe037d5efd873fb4b550065,diacritic_removed,hoc_tap_hoc_phi_01,spendwise_authored,,,Ví dụ hư cấu được trợ lý AI soạn theo guideline v0.1; chưa có người kiểm tra độc lập.
seed_hoc_tap_hoc_phi_02,ai_draft,tpl_hoc_tap_hoc_phi,45ad4f48841744a9721252b8f62b13e1637fa0d94e747bd5eb4f3b82deb1c73b,original_vi,hoc_tap_hoc_phi_02,spendwise_authored,,,Ví dụ hư cấu được trợ lý AI soạn theo guideline v0.1; chưa có người kiểm tra độc lập.
seed_hoc_tap_hoc_phi_02_nd,ai_draft,tpl_hoc_tap_hoc_phi,fe2c61c89e386e3a0057cebe28287242a9715d2da2af40c87dc5960abb9225f2,diacritic_removed,hoc_tap_hoc_phi_02,spendwise_authored,,,Ví dụ hư cấu được trợ lý AI soạn theo guideline v0.1; chưa có người kiểm tra độc lập.
seed_hoc_tap_hoc_phi_03,ai_draft,tpl_hoc_tap_hoc_phi,9714430063ca6db3ff908f3a6ee146e8d4a388d40ec11da06aa0d2653a966667,original_vi,hoc_tap_hoc_phi_03,spendwise_authored,,,Ví dụ hư cấu được trợ lý AI soạn theo guideline v0.1; chưa có người kiểm tra độc lập.
seed_hoc_tap_hoc_phi_03_nd,ai_draft,tpl_hoc_tap_hoc_phi,fdaf8b2b0961276a6e77904ed49cde36c240dac29578e527d356d9193d6615e0,diacritic_removed,hoc_tap_hoc_phi_03,spendwise_authored,,,Ví dụ hư cấu được trợ lý AI soạn theo guideline v0.1; chưa có người kiểm tra độc lập.
seed_hoc_tap_hoc_phi_04,ai_draft,tpl_hoc_tap_hoc_phi,0fd833e280265cecdf22fa8f9a449c67aca028023e453b107460b4872ef308c6,original_vi,hoc_tap_hoc_phi_04,spendwise_authored,,,Ví dụ hư cấu được trợ lý AI soạn theo guideline v0.1; chưa có người kiểm tra độc lập.
seed_hoc_tap_hoc_phi_04_nd,ai_draft,tpl_hoc_tap_hoc_phi,ad0d4de3fe6dc16ad321d2149d63b0aa590286f26e07b15d401395bb669175e0,diacritic_removed,hoc_tap_hoc_phi_04,spendwise_authored,,,Ví dụ hư cấu được trợ lý AI soạn theo guideline v0.1; chưa có người kiểm tra độc lập.
seed_hoc_tap_hoc_phi_05,ai_draft,tpl_hoc_tap_hoc_phi,459a5e4157be3cbb7be51ec6cbecf13cb0aa2814f53cba8ae09dde0abc209545,original_vi,hoc_tap_hoc_phi_05,spendwise_authored,,,Ví dụ hư cấu được trợ lý AI soạn theo guideline v0.1; chưa có người kiểm tra độc lập.
seed_hoc_tap_hoc_phi_05_nd,ai_draft,tpl_hoc_tap_hoc_phi,c102d6416e3a42ab196e31dd114251b14aff657e28711715a4ce2deec88b3da3,diacritic_removed,hoc_tap_hoc_phi_05,spendwise_authored,,,Ví dụ hư cấu được trợ lý AI soạn theo guideline v0.1; chưa có người kiểm tra độc lập.
seed_hoc_tap_tai_lieu_01,ai_draft,tpl_hoc_tap_tai_lieu,87e55b3baa5bd5a1f9ce76b422eaf93183633c396cfce34bc18ee7d6c4573077,original_vi,hoc_tap_tai_lieu_01,spendwise_authored,,,Ví dụ hư cấu được trợ lý AI soạn theo guideline v0.1; chưa có người kiểm tra độc lập.
seed_hoc_tap_tai_lieu_01_nd,ai_draft,tpl_hoc_tap_tai_lieu,c757ce4be0bcadea63a9ec1489e3d8d327370c08876fb24a358c87bb0bbbdcad,diacritic_removed,hoc_tap_tai_lieu_01,spendwise_authored,,,Ví dụ hư cấu được trợ lý AI soạn theo guideline v0.1; chưa có người kiểm tra độc lập.
seed_hoc_tap_tai_lieu_02,ai_draft,tpl_hoc_tap_tai_lieu,17555a2f72401cf70789c67cf8cdac9b9f46795a8d6efe4c20b3fd73fd1d9776,original_vi,hoc_tap_tai_lieu_02,spendwise_authored,,,Ví dụ hư cấu được trợ lý AI soạn theo guideline v0.1; chưa có người kiểm tra độc lập.
seed_hoc_tap_tai_lieu_02_nd,ai_draft,tpl_hoc_tap_tai_lieu,90a832e366d8eb7528f57c6c1341daa9e65da82f2abe619c9e2af02441b1e887,diacritic_removed,hoc_tap_tai_lieu_02,spendwise_authored,,,Ví dụ hư cấu được trợ lý AI soạn theo guideline v0.1; chưa có người kiểm tra độc lập.
seed_hoc_tap_tai_lieu_03,ai_draft,tpl_hoc_tap_tai_lieu,dc26bef4dc6bc7f6d89fa554f7eed204e20a9e2710603af44d97a83e7b4ba879,original_vi,hoc_tap_tai_lieu_03,spendwise_authored,,,Ví dụ hư cấu được trợ lý AI soạn theo guideline v0.1; chưa có người kiểm tra độc lập.
seed_hoc_tap_tai_lieu_03_nd,ai_draft,tpl_hoc_tap_tai_lieu,c7583733c7e6d57e16980a8f5a3ad6a0b51cff25a4f3b3a6872c49cf75c9e1af,diacritic_removed,hoc_tap_tai_lieu_03,spendwise_authored,,,Ví dụ hư cấu được trợ lý AI soạn theo guideline v0.1; chưa có người kiểm tra độc lập.
seed_hoc_tap_tai_lieu_04,ai_draft,tpl_hoc_tap_tai_lieu,135f297edcd14b955b6249729f49fa7146715819f265e0e45e0df4658a8ceb19,original_vi,hoc_tap_tai_lieu_04,spendwise_authored,,,Ví dụ hư cấu được trợ lý AI soạn theo guideline v0.1; chưa có người kiểm tra độc lập.
seed_hoc_tap_tai_lieu_04_nd,ai_draft,tpl_hoc_tap_tai_lieu,88b042c60bbbfd07abee4cbfb47d962761b331b3175009ca317a5377f2f3184d,diacritic_removed,hoc_tap_tai_lieu_04,spendwise_authored,,,Ví dụ hư cấu được trợ lý AI soạn theo guideline v0.1; chưa có người kiểm tra độc lập.
seed_hoc_tap_tai_lieu_05,ai_draft,tpl_hoc_tap_tai_lieu,5816d0091e84714a4b9a58707e1018b86d860ca5195819e19b981775dd946220,original_vi,hoc_tap_tai_lieu_05,spendwise_authored,,,Ví dụ hư cấu được trợ lý AI soạn theo guideline v0.1; chưa có người kiểm tra độc lập.
seed_hoc_tap_tai_lieu_05_nd,ai_draft,tpl_hoc_tap_tai_lieu,a2ca8b6a74740ae241fdb9166e1964c851b40a44b2906fe69d50c11957a23871,diacritic_removed,hoc_tap_tai_lieu_05,spendwise_authored,,,Ví dụ hư cấu được trợ lý AI soạn theo guideline v0.1; chưa có người kiểm tra độc lập.
seed_hoc_tap_dung_cu_01,ai_draft,tpl_hoc_tap_dung_cu,4b8261c637ee55936e2bbc63e9e4816347d92660964037925c951e7d08009e90,original_vi,hoc_tap_dung_cu_01,spendwise_authored,,,Ví dụ hư cấu được trợ lý AI soạn theo guideline v0.1; chưa có người kiểm tra độc lập.
seed_hoc_tap_dung_cu_01_nd,ai_draft,tpl_hoc_tap_dung_cu,675163664b6a6f074b0b8236ff3862a958953b45fcfc271df93b321cc3e2a629,diacritic_removed,hoc_tap_dung_cu_01,spendwise_authored,,,Ví dụ hư cấu được trợ lý AI soạn theo guideline v0.1; chưa có người kiểm tra độc lập.
seed_hoc_tap_dung_cu_02,ai_draft,tpl_hoc_tap_dung_cu,17223dfb47544d9f0f195f53dd3246f98d3dc97d97933b43337182438607c92f,original_vi,hoc_tap_dung_cu_02,spendwise_authored,,,Ví dụ hư cấu được trợ lý AI soạn theo guideline v0.1; chưa có người kiểm tra độc lập.
seed_hoc_tap_dung_cu_02_nd,ai_draft,tpl_hoc_tap_dung_cu,b5acf2e46e90c6d55d14db3c5be2805aa70dc724cbeac70e0eb2374a9a062d53,diacritic_removed,hoc_tap_dung_cu_02,spendwise_authored,,,Ví dụ hư cấu được trợ lý AI soạn theo guideline v0.1; chưa có người kiểm tra độc lập.
seed_hoc_tap_dung_cu_03,ai_draft,tpl_hoc_tap_dung_cu,da72748ebb77c1087f4e49b35d2888cbf378c902f0f6e53a88348f6797c19560,original_vi,hoc_tap_dung_cu_03,spendwise_authored,,,Ví dụ hư cấu được trợ lý AI soạn theo guideline v0.1; chưa có người kiểm tra độc lập.
seed_hoc_tap_dung_cu_03_nd,ai_draft,tpl_hoc_tap_dung_cu,306e7994d2e430815e3999dfb8f2e0d51dbd770963bab013c24b367753e42c61,diacritic_removed,hoc_tap_dung_cu_03,spendwise_authored,,,Ví dụ hư cấu được trợ lý AI soạn theo guideline v0.1; chưa có người kiểm tra độc lập.
seed_hoc_tap_dung_cu_04,ai_draft,tpl_hoc_tap_dung_cu,b34810c85e38dd79c4dbefd3de03eb15efae02acbc7d74ef1484dbcd89aa2504,original_vi,hoc_tap_dung_cu_04,spendwise_authored,,,Ví dụ hư cấu được trợ lý AI soạn theo guideline v0.1; chưa có người kiểm tra độc lập.
seed_hoc_tap_dung_cu_04_nd,ai_draft,tpl_hoc_tap_dung_cu,4aaf4d770f3b084bbb55faef082a96ec244fcea3fc00c7283dc8f7cf450bf6fd,diacritic_removed,hoc_tap_dung_cu_04,spendwise_authored,,,Ví dụ hư cấu được trợ lý AI soạn theo guideline v0.1; chưa có người kiểm tra độc lập.
seed_hoc_tap_dung_cu_05,ai_draft,tpl_hoc_tap_dung_cu,14dc537e13efbf13f620545020a3b61b1db936997eadc72404c556c3979e14b1,original_vi,hoc_tap_dung_cu_05,spendwise_authored,,,Ví dụ hư cấu được trợ lý AI soạn theo guideline v0.1; chưa có người kiểm tra độc lập.
seed_hoc_tap_dung_cu_05_nd,ai_draft,tpl_hoc_tap_dung_cu,793b294dab2cc1ab16e9d15370c02b73ee524e592ea700c76b79d0d44b3910cd,diacritic_removed,hoc_tap_dung_cu_05,spendwise_authored,,,Ví dụ hư cấu được trợ lý AI soạn theo guideline v0.1; chưa có người kiểm tra độc lập.
seed_hoc_tap_hoat_dong_hoc_01,ai_draft,tpl_hoc_tap_hoat_dong_hoc,550311cd4c7c137ccc4cf5393704feef72f15a79facd4b3532a573f414d1c105,original_vi,hoc_tap_hoat_dong_hoc_01,spendwise_authored,,,Ví dụ hư cấu được trợ lý AI soạn theo guideline v0.1; chưa có người kiểm tra độc lập.
seed_hoc_tap_hoat_dong_hoc_01_nd,ai_draft,tpl_hoc_tap_hoat_dong_hoc,b347c0d48a8c012f7ac6286c067f6c6456d79d52f297e9409ee0e8506b56fe0a,diacritic_removed,hoc_tap_hoat_dong_hoc_01,spendwise_authored,,,Ví dụ hư cấu được trợ lý AI soạn theo guideline v0.1; chưa có người kiểm tra độc lập.
seed_hoc_tap_hoat_dong_hoc_02,ai_draft,tpl_hoc_tap_hoat_dong_hoc,6e680f2d64905fc1cdb606817f1e6e4d082b2064b31c4ef16025797cdce099cc,original_vi,hoc_tap_hoat_dong_hoc_02,spendwise_authored,,,Ví dụ hư cấu được trợ lý AI soạn theo guideline v0.1; chưa có người kiểm tra độc lập.
seed_hoc_tap_hoat_dong_hoc_02_nd,ai_draft,tpl_hoc_tap_hoat_dong_hoc,87a64647c7ec4ac1846c4995f81e1494aa94ef204a9f3e5703e5cb85f0acbc55,diacritic_removed,hoc_tap_hoat_dong_hoc_02,spendwise_authored,,,Ví dụ hư cấu được trợ lý AI soạn theo guideline v0.1; chưa có người kiểm tra độc lập.
seed_hoc_tap_hoat_dong_hoc_03,ai_draft,tpl_hoc_tap_hoat_dong_hoc,9908deedd35b1523080a8e6511e996a115302bdd2dedc5be212631929843e1ce,original_vi,hoc_tap_hoat_dong_hoc_03,spendwise_authored,,,Ví dụ hư cấu được trợ lý AI soạn theo guideline v0.1; chưa có người kiểm tra độc lập.
seed_hoc_tap_hoat_dong_hoc_03_nd,ai_draft,tpl_hoc_tap_hoat_dong_hoc,2285e137ba284f98ef3deb3ccd4d08efe5a2e91888deb4717f989b87d21aee78,diacritic_removed,hoc_tap_hoat_dong_hoc_03,spendwise_authored,,,Ví dụ hư cấu được trợ lý AI soạn theo guideline v0.1; chưa có người kiểm tra độc lập.
seed_hoc_tap_hoat_dong_hoc_04,ai_draft,tpl_hoc_tap_hoat_dong_hoc,98d4123649a42ae4e169aef14802ece4f5151d9ec405028aefc69dd4d90f13b4,original_vi,hoc_tap_hoat_dong_hoc_04,spendwise_authored,,,Ví dụ hư cấu được trợ lý AI soạn theo guideline v0.1; chưa có người kiểm tra độc lập.
seed_hoc_tap_hoat_dong_hoc_04_nd,ai_draft,tpl_hoc_tap_hoat_dong_hoc,d321929f490452e6bade868982cc1339f865add8123bb37e4acab59a8d5d9c1e,diacritic_removed,hoc_tap_hoat_dong_hoc_04,spendwise_authored,,,Ví dụ hư cấu được trợ lý AI soạn theo guideline v0.1; chưa có người kiểm tra độc lập.
seed_hoc_tap_hoat_dong_hoc_05,ai_draft,tpl_hoc_tap_hoat_dong_hoc,c3feca74f561c2533b2101f390478118091efb6926c2bd3371b2d8a92d452d34,original_vi,hoc_tap_hoat_dong_hoc_05,spendwise_authored,,,Ví dụ hư cấu được trợ lý AI soạn theo guideline v0.1; chưa có người kiểm tra độc lập.
seed_hoc_tap_hoat_dong_hoc_05_nd,ai_draft,tpl_hoc_tap_hoat_dong_hoc,55cbc280ecf924ac6963d16b37218a60f3562f4c4eeedc7190023ee98f451316,diacritic_removed,hoc_tap_hoat_dong_hoc_05,spendwise_authored,,,Ví dụ hư cấu được trợ lý AI soạn theo guideline v0.1; chưa có người kiểm tra độc lập.
seed_mua_sam_quan_ao_01,ai_draft,tpl_mua_sam_quan_ao,9f1e8329bcd5db3d9f565fcaeaba31b0b62ba6733024faac897d4999d66199b1,original_vi,mua_sam_quan_ao_01,spendwise_authored,,,Ví dụ hư cấu được trợ lý AI soạn theo guideline v0.1; chưa có người kiểm tra độc lập.
seed_mua_sam_quan_ao_01_nd,ai_draft,tpl_mua_sam_quan_ao,e4ea69854aaf7299096461c264b3d3c72eac3d29f56db3c66a883e664229852d,diacritic_removed,mua_sam_quan_ao_01,spendwise_authored,,,Ví dụ hư cấu được trợ lý AI soạn theo guideline v0.1; chưa có người kiểm tra độc lập.
seed_mua_sam_quan_ao_02,ai_draft,tpl_mua_sam_quan_ao,ec789f741c239b4c43c4bc004d7c0c4f1b946c0784c8c9e1eedd46f14429692b,original_vi,mua_sam_quan_ao_02,spendwise_authored,,,Ví dụ hư cấu được trợ lý AI soạn theo guideline v0.1; chưa có người kiểm tra độc lập.
seed_mua_sam_quan_ao_02_nd,ai_draft,tpl_mua_sam_quan_ao,32ff14558a4c548ee672d8054fa3edc43f2dbfbfb7bc38f7325a80a746f76627,diacritic_removed,mua_sam_quan_ao_02,spendwise_authored,,,Ví dụ hư cấu được trợ lý AI soạn theo guideline v0.1; chưa có người kiểm tra độc lập.
seed_mua_sam_quan_ao_03,ai_draft,tpl_mua_sam_quan_ao,6929deed54bc90571e5c92381affa142be077115ee009134fe79fbbe92283faa,original_vi,mua_sam_quan_ao_03,spendwise_authored,,,Ví dụ hư cấu được trợ lý AI soạn theo guideline v0.1; chưa có người kiểm tra độc lập.
seed_mua_sam_quan_ao_03_nd,ai_draft,tpl_mua_sam_quan_ao,40873be9aa3cc143f21a185855680754eeb1f7126104d709a27af1b32c64cb80,diacritic_removed,mua_sam_quan_ao_03,spendwise_authored,,,Ví dụ hư cấu được trợ lý AI soạn theo guideline v0.1; chưa có người kiểm tra độc lập.
seed_mua_sam_quan_ao_04,ai_draft,tpl_mua_sam_quan_ao,697ab8fe8b5723a104fc527a390a7b8c9d6252e1b5523df271c25d6bc2351399,original_vi,mua_sam_quan_ao_04,spendwise_authored,,,Ví dụ hư cấu được trợ lý AI soạn theo guideline v0.1; chưa có người kiểm tra độc lập.
seed_mua_sam_quan_ao_04_nd,ai_draft,tpl_mua_sam_quan_ao,62027ddd4c4f629199b26763975faec5f451c1d02bcdcc53c0d53e5e99c819b5,diacritic_removed,mua_sam_quan_ao_04,spendwise_authored,,,Ví dụ hư cấu được trợ lý AI soạn theo guideline v0.1; chưa có người kiểm tra độc lập.
seed_mua_sam_quan_ao_05,ai_draft,tpl_mua_sam_quan_ao,e2dff98f5d1d3c55de73de1c37bc5363fdca4ca8de87b99592a97e6cc3044f2e,original_vi,mua_sam_quan_ao_05,spendwise_authored,,,Ví dụ hư cấu được trợ lý AI soạn theo guideline v0.1; chưa có người kiểm tra độc lập.
seed_mua_sam_quan_ao_05_nd,ai_draft,tpl_mua_sam_quan_ao,664b227df720947422d30998490ae2cd769fd9db760ae7906d96c4f315936112,diacritic_removed,mua_sam_quan_ao_05,spendwise_authored,,,Ví dụ hư cấu được trợ lý AI soạn theo guideline v0.1; chưa có người kiểm tra độc lập.
seed_mua_sam_do_dung_01,ai_draft,tpl_mua_sam_do_dung,a24441778d96e461ab20d91fcc0bc0dd8dc41a979cf4e64a8aafbf59173959fd,original_vi,mua_sam_do_dung_01,spendwise_authored,,,Ví dụ hư cấu được trợ lý AI soạn theo guideline v0.1; chưa có người kiểm tra độc lập.
seed_mua_sam_do_dung_01_nd,ai_draft,tpl_mua_sam_do_dung,8a1b6e975216d727db9355677a12b885f57200a2e88e211d1f88300c482315d7,diacritic_removed,mua_sam_do_dung_01,spendwise_authored,,,Ví dụ hư cấu được trợ lý AI soạn theo guideline v0.1; chưa có người kiểm tra độc lập.
seed_mua_sam_do_dung_02,ai_draft,tpl_mua_sam_do_dung,6d3003587e1031e4a43c69ed401c346666050136982ed65e11e11f8625e4f74c,original_vi,mua_sam_do_dung_02,spendwise_authored,,,Ví dụ hư cấu được trợ lý AI soạn theo guideline v0.1; chưa có người kiểm tra độc lập.
seed_mua_sam_do_dung_02_nd,ai_draft,tpl_mua_sam_do_dung,62e256ab92c8ab57374417d48c3154f59040d8ee234b52ad740a8d21f33ee38b,diacritic_removed,mua_sam_do_dung_02,spendwise_authored,,,Ví dụ hư cấu được trợ lý AI soạn theo guideline v0.1; chưa có người kiểm tra độc lập.
seed_mua_sam_do_dung_03,ai_draft,tpl_mua_sam_do_dung,1ecbf9ecaf4a128353e1f236a650b7ff219fd4f0df6a093a95cdf6839995cf4d,original_vi,mua_sam_do_dung_03,spendwise_authored,,,Ví dụ hư cấu được trợ lý AI soạn theo guideline v0.1; chưa có người kiểm tra độc lập.
seed_mua_sam_do_dung_03_nd,ai_draft,tpl_mua_sam_do_dung,c0b70090f65cd1b81d010e8eb48e7bf8f129c601fe8dbe305062f646e8f22264,diacritic_removed,mua_sam_do_dung_03,spendwise_authored,,,Ví dụ hư cấu được trợ lý AI soạn theo guideline v0.1; chưa có người kiểm tra độc lập.
seed_mua_sam_do_dung_04,ai_draft,tpl_mua_sam_do_dung,e04ab889a4f57b0afd85e703d1fb4cbf9ac8d022a4937af3a1657b7f81bc6f9a,original_vi,mua_sam_do_dung_04,spendwise_authored,,,Ví dụ hư cấu được trợ lý AI soạn theo guideline v0.1; chưa có người kiểm tra độc lập.
seed_mua_sam_do_dung_04_nd,ai_draft,tpl_mua_sam_do_dung,d3b7e6a782c4a7839a5753e684a897eb0270acdf52b6789406943c06e0a91371,diacritic_removed,mua_sam_do_dung_04,spendwise_authored,,,Ví dụ hư cấu được trợ lý AI soạn theo guideline v0.1; chưa có người kiểm tra độc lập.
seed_mua_sam_do_dung_05,ai_draft,tpl_mua_sam_do_dung,882aefde210e07afcaa21a59c6611dfb1172b73f07136ca853fdba35a6f459d7,original_vi,mua_sam_do_dung_05,spendwise_authored,,,Ví dụ hư cấu được trợ lý AI soạn theo guideline v0.1; chưa có người kiểm tra độc lập.
seed_mua_sam_do_dung_05_nd,ai_draft,tpl_mua_sam_do_dung,186ec126c0ae9441ab1ac1fe68c4dd70635340a9cb3fd8eba45c52080e83cb4e,diacritic_removed,mua_sam_do_dung_05,spendwise_authored,,,Ví dụ hư cấu được trợ lý AI soạn theo guideline v0.1; chưa có người kiểm tra độc lập.
seed_mua_sam_my_pham_01,ai_draft,tpl_mua_sam_my_pham,e2b57eca5c587dbc96f5494c34863a5875701058bbb78bde8860fad55f383d89,original_vi,mua_sam_my_pham_01,spendwise_authored,,,Ví dụ hư cấu được trợ lý AI soạn theo guideline v0.1; chưa có người kiểm tra độc lập.
seed_mua_sam_my_pham_01_nd,ai_draft,tpl_mua_sam_my_pham,3491c9c820df2d74ded6208c605e5846a1bf516aad535a11831921399d760ce4,diacritic_removed,mua_sam_my_pham_01,spendwise_authored,,,Ví dụ hư cấu được trợ lý AI soạn theo guideline v0.1; chưa có người kiểm tra độc lập.
seed_mua_sam_my_pham_02,ai_draft,tpl_mua_sam_my_pham,e13cfae79138771dc6a7ad914f27d1545ae355755a9041dfbeeff1258da4b054,original_vi,mua_sam_my_pham_02,spendwise_authored,,,Ví dụ hư cấu được trợ lý AI soạn theo guideline v0.1; chưa có người kiểm tra độc lập.
seed_mua_sam_my_pham_02_nd,ai_draft,tpl_mua_sam_my_pham,756f63db838e435313d54a5315d2497cc032c951719bdc3940947cd7f67a54e7,diacritic_removed,mua_sam_my_pham_02,spendwise_authored,,,Ví dụ hư cấu được trợ lý AI soạn theo guideline v0.1; chưa có người kiểm tra độc lập.
seed_mua_sam_my_pham_03,ai_draft,tpl_mua_sam_my_pham,17c2a25c840bc7cfb2a5a350e7156ff8b812c2fb554822545218d65fb006b220,original_vi,mua_sam_my_pham_03,spendwise_authored,,,Ví dụ hư cấu được trợ lý AI soạn theo guideline v0.1; chưa có người kiểm tra độc lập.
seed_mua_sam_my_pham_03_nd,ai_draft,tpl_mua_sam_my_pham,42e1d4a53158d10762b6a19e8c736c9eada3ed470d758595264ac6b115775166,diacritic_removed,mua_sam_my_pham_03,spendwise_authored,,,Ví dụ hư cấu được trợ lý AI soạn theo guideline v0.1; chưa có người kiểm tra độc lập.
seed_mua_sam_my_pham_04,ai_draft,tpl_mua_sam_my_pham,71a35e526eee26550e2b0d9a37acc7dc2868ba9f81fa7628fbcc600daf1c0636,original_vi,mua_sam_my_pham_04,spendwise_authored,,,Ví dụ hư cấu được trợ lý AI soạn theo guideline v0.1; chưa có người kiểm tra độc lập.
seed_mua_sam_my_pham_04_nd,ai_draft,tpl_mua_sam_my_pham,213d98593d54cda318dd9fc7209c152e4d6c199acad3af7eaa679cf3d872b8cb,diacritic_removed,mua_sam_my_pham_04,spendwise_authored,,,Ví dụ hư cấu được trợ lý AI soạn theo guideline v0.1; chưa có người kiểm tra độc lập.
seed_mua_sam_my_pham_05,ai_draft,tpl_mua_sam_my_pham,1c3d301393ee263f8e76c8940c10dde1a635c3daf2cb854721119ea8bf2a07a1,original_vi,mua_sam_my_pham_05,spendwise_authored,,,Ví dụ hư cấu được trợ lý AI soạn theo guideline v0.1; chưa có người kiểm tra độc lập.
seed_mua_sam_my_pham_05_nd,ai_draft,tpl_mua_sam_my_pham,80ea3efda062837234d3c14493a2467034952af01208391f9199cd7608b79ac9,diacritic_removed,mua_sam_my_pham_05,spendwise_authored,,,Ví dụ hư cấu được trợ lý AI soạn theo guideline v0.1; chưa có người kiểm tra độc lập.
seed_mua_sam_thiet_bi_01,ai_draft,tpl_mua_sam_thiet_bi,fa83bcd7dd4cf007288e5b4d316d691dfa4b283999673208359a67128dc31ba3,original_vi,mua_sam_thiet_bi_01,spendwise_authored,,,Ví dụ hư cấu được trợ lý AI soạn theo guideline v0.1; chưa có người kiểm tra độc lập.
seed_mua_sam_thiet_bi_02,ai_draft,tpl_mua_sam_thiet_bi,b64caefb84fc84d763068e1a67a8954c4117d4c7edd19136f18d732bedb6fd1d,original_vi,mua_sam_thiet_bi_02,spendwise_authored,,,Ví dụ hư cấu được trợ lý AI soạn theo guideline v0.1; chưa có người kiểm tra độc lập.
seed_mua_sam_thiet_bi_02_nd,ai_draft,tpl_mua_sam_thiet_bi,f65a785e39d0ae8ab03fcfc79ff769e4d64cc1646a284c947ae2720b2b8d5c0f,diacritic_removed,mua_sam_thiet_bi_02,spendwise_authored,,,Ví dụ hư cấu được trợ lý AI soạn theo guideline v0.1; chưa có người kiểm tra độc lập.
seed_mua_sam_thiet_bi_03,ai_draft,tpl_mua_sam_thiet_bi,4b55fb7efbf7d637d8c5ecd7cac92551bdcf12a09221ca1240ff242cca44107f,original_vi,mua_sam_thiet_bi_03,spendwise_authored,,,Ví dụ hư cấu được trợ lý AI soạn theo guideline v0.1; chưa có người kiểm tra độc lập.
seed_mua_sam_thiet_bi_03_nd,ai_draft,tpl_mua_sam_thiet_bi,96f7097746c5d7a38a7c6e9afab3d0ed55871c2089f672c8f1848137f3cf81c6,diacritic_removed,mua_sam_thiet_bi_03,spendwise_authored,,,Ví dụ hư cấu được trợ lý AI soạn theo guideline v0.1; chưa có người kiểm tra độc lập.
seed_mua_sam_thiet_bi_04,ai_draft,tpl_mua_sam_thiet_bi,8ef1b07b3105ca318ddaf728737cb03262c826e924bab1fbe5ab699de13cfd43,original_vi,mua_sam_thiet_bi_04,spendwise_authored,,,Ví dụ hư cấu được trợ lý AI soạn theo guideline v0.1; chưa có người kiểm tra độc lập.
seed_mua_sam_thiet_bi_04_nd,ai_draft,tpl_mua_sam_thiet_bi,db7a3586ae1cd6a121de8b2ba4f4852e53bdcb828317843c6c2854cd6df23846,diacritic_removed,mua_sam_thiet_bi_04,spendwise_authored,,,Ví dụ hư cấu được trợ lý AI soạn theo guideline v0.1; chưa có người kiểm tra độc lập.
seed_mua_sam_thiet_bi_05,ai_draft,tpl_mua_sam_thiet_bi,6c521fec029c81c32b7e339db4feea7e1ed1f7dc93183de540fa95479518a26e,original_vi,mua_sam_thiet_bi_05,spendwise_authored,,,Ví dụ hư cấu được trợ lý AI soạn theo guideline v0.1; chưa có người kiểm tra độc lập.
seed_mua_sam_thiet_bi_05_nd,ai_draft,tpl_mua_sam_thiet_bi,ff99bd0bfd1f563fbe9b92018c6d29d2c9ee75c8b7a95424ab7c9058ae317409,diacritic_removed,mua_sam_thiet_bi_05,spendwise_authored,,,Ví dụ hư cấu được trợ lý AI soạn theo guideline v0.1; chưa có người kiểm tra độc lập.
seed_giai_tri_xem_phim_01,ai_draft,tpl_giai_tri_xem_phim,0414ba6dcf9e4a401b4727e2a8021bfecfbff049d05d1eddb98bc80194b04d79,original_vi,giai_tri_xem_phim_01,spendwise_authored,,,Ví dụ hư cấu được trợ lý AI soạn theo guideline v0.1; chưa có người kiểm tra độc lập.
seed_giai_tri_xem_phim_01_nd,ai_draft,tpl_giai_tri_xem_phim,ff8cdad5bde0407ef521c7a2eb5d1a7b599d6aaed09cb649174a91d8e6079599,diacritic_removed,giai_tri_xem_phim_01,spendwise_authored,,,Ví dụ hư cấu được trợ lý AI soạn theo guideline v0.1; chưa có người kiểm tra độc lập.
seed_giai_tri_xem_phim_02,ai_draft,tpl_giai_tri_xem_phim,3412a882be6e6cc2b17d999e53ffe4ebe4f4cd347fc36bae456ab9b8fb13d3fe,original_vi,giai_tri_xem_phim_02,spendwise_authored,,,Ví dụ hư cấu được trợ lý AI soạn theo guideline v0.1; chưa có người kiểm tra độc lập.
seed_giai_tri_xem_phim_02_nd,ai_draft,tpl_giai_tri_xem_phim,c3e027aa069811c64ed1c6750078145094ba728adfd4da9d6c3b8a8fead3861c,diacritic_removed,giai_tri_xem_phim_02,spendwise_authored,,,Ví dụ hư cấu được trợ lý AI soạn theo guideline v0.1; chưa có người kiểm tra độc lập.
seed_giai_tri_xem_phim_03,ai_draft,tpl_giai_tri_xem_phim,bfcda399714010ccdf2fe630d95c31797946296ce9024d34612c384e5d4060f1,original_vi,giai_tri_xem_phim_03,spendwise_authored,,,Ví dụ hư cấu được trợ lý AI soạn theo guideline v0.1; chưa có người kiểm tra độc lập.
seed_giai_tri_xem_phim_03_nd,ai_draft,tpl_giai_tri_xem_phim,1e547dbceb8d1e078fc0ae44a575687963ab6f0fba6a6fe3fa9a77d08d7cabdc,diacritic_removed,giai_tri_xem_phim_03,spendwise_authored,,,Ví dụ hư cấu được trợ lý AI soạn theo guideline v0.1; chưa có người kiểm tra độc lập.
seed_giai_tri_xem_phim_04,ai_draft,tpl_giai_tri_xem_phim,24e771699d8bde98ab74ccb8bc493f4badb84b8a502f32ca20c6920d6ff8974a,original_vi,giai_tri_xem_phim_04,spendwise_authored,,,Ví dụ hư cấu được trợ lý AI soạn theo guideline v0.1; chưa có người kiểm tra độc lập.
seed_giai_tri_xem_phim_04_nd,ai_draft,tpl_giai_tri_xem_phim,41d60b9a44258037ffb1f70b48fa2adbab861497bae22bef0be5f15a84564e99,diacritic_removed,giai_tri_xem_phim_04,spendwise_authored,,,Ví dụ hư cấu được trợ lý AI soạn theo guideline v0.1; chưa có người kiểm tra độc lập.
seed_giai_tri_xem_phim_05,ai_draft,tpl_giai_tri_xem_phim,1d916c0115676191ba193977505c9a5c1c58b05f36d4185dd3528bdede773d22,original_vi,giai_tri_xem_phim_05,spendwise_authored,,,Ví dụ hư cấu được trợ lý AI soạn theo guideline v0.1; chưa có người kiểm tra độc lập.
seed_giai_tri_xem_phim_05_nd,ai_draft,tpl_giai_tri_xem_phim,5d1a86ce04456308d0cc7281f44c2ed1f0c1230aecf200af2ac030361a409100,diacritic_removed,giai_tri_xem_phim_05,spendwise_authored,,,Ví dụ hư cấu được trợ lý AI soạn theo guideline v0.1; chưa có người kiểm tra độc lập.
seed_giai_tri_am_nhac_01,ai_draft,tpl_giai_tri_am_nhac,a2f2bc3902eb809f4368a171df4deef37203709d215a1868782794c7eaa2e13f,original_vi,giai_tri_am_nhac_01,spendwise_authored,,,Ví dụ hư cấu được trợ lý AI soạn theo guideline v0.1; chưa có người kiểm tra độc lập.
seed_giai_tri_am_nhac_01_nd,ai_draft,tpl_giai_tri_am_nhac,3e2e51758228e8f387a357dedcd4f8d198e894dcb87708973662ae976a328683,diacritic_removed,giai_tri_am_nhac_01,spendwise_authored,,,Ví dụ hư cấu được trợ lý AI soạn theo guideline v0.1; chưa có người kiểm tra độc lập.
seed_giai_tri_am_nhac_02,ai_draft,tpl_giai_tri_am_nhac,c0be99a1379a1388eb1fe6260d4da8371873da0f4bc7f0fe5e30368a35591d87,original_vi,giai_tri_am_nhac_02,spendwise_authored,,,Ví dụ hư cấu được trợ lý AI soạn theo guideline v0.1; chưa có người kiểm tra độc lập.
seed_giai_tri_am_nhac_02_nd,ai_draft,tpl_giai_tri_am_nhac,2b643c63612034b3ec507311e2abca0b888fd1c24cc7779a33c26b8cf4fdb425,diacritic_removed,giai_tri_am_nhac_02,spendwise_authored,,,Ví dụ hư cấu được trợ lý AI soạn theo guideline v0.1; chưa có người kiểm tra độc lập.
seed_giai_tri_am_nhac_03,ai_draft,tpl_giai_tri_am_nhac,5117991a4c77b0c621361792037c6886319c10e6029331d33d8f20873debe437,original_vi,giai_tri_am_nhac_03,spendwise_authored,,,Ví dụ hư cấu được trợ lý AI soạn theo guideline v0.1; chưa có người kiểm tra độc lập.
seed_giai_tri_am_nhac_03_nd,ai_draft,tpl_giai_tri_am_nhac,54bb04c67567336c9c2a8ff039b3c44fcd50d1cc3b9c510df65950192d63f61d,diacritic_removed,giai_tri_am_nhac_03,spendwise_authored,,,Ví dụ hư cấu được trợ lý AI soạn theo guideline v0.1; chưa có người kiểm tra độc lập.
seed_giai_tri_am_nhac_04,ai_draft,tpl_giai_tri_am_nhac,2f17ebdccee15ab175754270189815f8303a192228faa660e48940a1aefc7e6c,original_vi,giai_tri_am_nhac_04,spendwise_authored,,,Ví dụ hư cấu được trợ lý AI soạn theo guideline v0.1; chưa có người kiểm tra độc lập.
seed_giai_tri_am_nhac_04_nd,ai_draft,tpl_giai_tri_am_nhac,f088bb05f6f69fa5607f05781073faa4db8fd45b0a151be056175e7a595e364a,diacritic_removed,giai_tri_am_nhac_04,spendwise_authored,,,Ví dụ hư cấu được trợ lý AI soạn theo guideline v0.1; chưa có người kiểm tra độc lập.
seed_giai_tri_am_nhac_05,ai_draft,tpl_giai_tri_am_nhac,738ce5f5f6734cb7bf68514eedca87ddb88bfacc447083435625a9b6764c1feb,original_vi,giai_tri_am_nhac_05,spendwise_authored,,,Ví dụ hư cấu được trợ lý AI soạn theo guideline v0.1; chưa có người kiểm tra độc lập.
seed_giai_tri_am_nhac_05_nd,ai_draft,tpl_giai_tri_am_nhac,2f5dbfa1414186923c2aed52ad416300b700977eaa2e335c8075a07ac9f1824d,diacritic_removed,giai_tri_am_nhac_05,spendwise_authored,,,Ví dụ hư cấu được trợ lý AI soạn theo guideline v0.1; chưa có người kiểm tra độc lập.
seed_giai_tri_tro_choi_01,ai_draft,tpl_giai_tri_tro_choi,dff9bc8ff8b7008c99f1edaa3f9c22b96c7266e0438f06f9a06bf0a33aa4d045,original_vi,giai_tri_tro_choi_01,spendwise_authored,,,Ví dụ hư cấu được trợ lý AI soạn theo guideline v0.1; chưa có người kiểm tra độc lập.
seed_giai_tri_tro_choi_01_nd,ai_draft,tpl_giai_tri_tro_choi,b1fdf537d9da62e2510204aecc68c9bd5e27a7c5b31affb470950560a82352d1,diacritic_removed,giai_tri_tro_choi_01,spendwise_authored,,,Ví dụ hư cấu được trợ lý AI soạn theo guideline v0.1; chưa có người kiểm tra độc lập.
seed_giai_tri_tro_choi_02,ai_draft,tpl_giai_tri_tro_choi,a1f0f8d6b5bf39c92be79745f589e81773f09ce3e29d197b5c0a7f55d52348de,original_vi,giai_tri_tro_choi_02,spendwise_authored,,,Ví dụ hư cấu được trợ lý AI soạn theo guideline v0.1; chưa có người kiểm tra độc lập.
seed_giai_tri_tro_choi_02_nd,ai_draft,tpl_giai_tri_tro_choi,8286974065111d0b32fba520defaba58a18ed9fd57b4746d1674f5ac48e3b229,diacritic_removed,giai_tri_tro_choi_02,spendwise_authored,,,Ví dụ hư cấu được trợ lý AI soạn theo guideline v0.1; chưa có người kiểm tra độc lập.
seed_giai_tri_tro_choi_03,ai_draft,tpl_giai_tri_tro_choi,1730ae9f0f45eea497d85830147c6cb6dbfcaa62b232b45df1f57bb68340b585,original_vi,giai_tri_tro_choi_03,spendwise_authored,,,Ví dụ hư cấu được trợ lý AI soạn theo guideline v0.1; chưa có người kiểm tra độc lập.
seed_giai_tri_tro_choi_03_nd,ai_draft,tpl_giai_tri_tro_choi,33ec4cdc3f34235acb7b6ff577c32486c3c4063ae4ae7bc9f8f74df16d39e842,diacritic_removed,giai_tri_tro_choi_03,spendwise_authored,,,Ví dụ hư cấu được trợ lý AI soạn theo guideline v0.1; chưa có người kiểm tra độc lập.
seed_giai_tri_tro_choi_04,ai_draft,tpl_giai_tri_tro_choi,3ec6d438f8386541364dce7b73d8e52742e18d92e04c0cb700daba63cdea0c21,original_vi,giai_tri_tro_choi_04,spendwise_authored,,,Ví dụ hư cấu được trợ lý AI soạn theo guideline v0.1; chưa có người kiểm tra độc lập.
seed_giai_tri_tro_choi_04_nd,ai_draft,tpl_giai_tri_tro_choi,19d9c4e0e4d2cdf3b8d58d1a7340ea7d725221441936c776c12897d1ba0fe28c,diacritic_removed,giai_tri_tro_choi_04,spendwise_authored,,,Ví dụ hư cấu được trợ lý AI soạn theo guideline v0.1; chưa có người kiểm tra độc lập.
seed_giai_tri_tro_choi_05,ai_draft,tpl_giai_tri_tro_choi,2bfc325d4777b81d37fe42eda5c4e8d74c89864f258f9420207be894435f9be5,original_vi,giai_tri_tro_choi_05,spendwise_authored,,,Ví dụ hư cấu được trợ lý AI soạn theo guideline v0.1; chưa có người kiểm tra độc lập.
seed_giai_tri_tro_choi_05_nd,ai_draft,tpl_giai_tri_tro_choi,59a9560262063416598013fd8584d83589386e892114d4f2ef0ed898f22dc479,diacritic_removed,giai_tri_tro_choi_05,spendwise_authored,,,Ví dụ hư cấu được trợ lý AI soạn theo guideline v0.1; chưa có người kiểm tra độc lập.
seed_giai_tri_doc_vui_01,ai_draft,tpl_giai_tri_doc_vui,90afa7780cec532a111f92581228c1f02c5128c462022fdc01aafcbc771f4b9c,original_vi,giai_tri_doc_vui_01,spendwise_authored,,,Ví dụ hư cấu được trợ lý AI soạn theo guideline v0.1; chưa có người kiểm tra độc lập.
seed_giai_tri_doc_vui_01_nd,ai_draft,tpl_giai_tri_doc_vui,e969547104829c5ff1997505c4586e36fec88eff975965b144238b91a9da31d8,diacritic_removed,giai_tri_doc_vui_01,spendwise_authored,,,Ví dụ hư cấu được trợ lý AI soạn theo guideline v0.1; chưa có người kiểm tra độc lập.
seed_giai_tri_doc_vui_02,ai_draft,tpl_giai_tri_doc_vui,5761c5cc3472aa3fccd60bb61ba086f26d860bd66d737235913df9303440a071,original_vi,giai_tri_doc_vui_02,spendwise_authored,,,Ví dụ hư cấu được trợ lý AI soạn theo guideline v0.1; chưa có người kiểm tra độc lập.
seed_giai_tri_doc_vui_02_nd,ai_draft,tpl_giai_tri_doc_vui,6d572fae76e5f9c239880b30495d14430114584c668624e34ef285e2fdd599c6,diacritic_removed,giai_tri_doc_vui_02,spendwise_authored,,,Ví dụ hư cấu được trợ lý AI soạn theo guideline v0.1; chưa có người kiểm tra độc lập.
seed_giai_tri_doc_vui_03,ai_draft,tpl_giai_tri_doc_vui,eabe16c1818b58e604efbc8aa257bec4787c87e5dbecaf3d650151927b73ee40,original_vi,giai_tri_doc_vui_03,spendwise_authored,,,Ví dụ hư cấu được trợ lý AI soạn theo guideline v0.1; chưa có người kiểm tra độc lập.
seed_giai_tri_doc_vui_03_nd,ai_draft,tpl_giai_tri_doc_vui,efd5e6458abde4a75eef8d359d192751f84eb8d837575c198a21f5c80f38adf6,diacritic_removed,giai_tri_doc_vui_03,spendwise_authored,,,Ví dụ hư cấu được trợ lý AI soạn theo guideline v0.1; chưa có người kiểm tra độc lập.
seed_giai_tri_doc_vui_04,ai_draft,tpl_giai_tri_doc_vui,f1625c5206c6a828b1592a3cd1e2ab11f23b13186793a7c89f4d97b8ece30f43,original_vi,giai_tri_doc_vui_04,spendwise_authored,,,Ví dụ hư cấu được trợ lý AI soạn theo guideline v0.1; chưa có người kiểm tra độc lập.
seed_giai_tri_doc_vui_04_nd,ai_draft,tpl_giai_tri_doc_vui,64cf5b7609fdb005d9e48fd4412a2de2139dc9fad348602b0bfadcaf27760113,diacritic_removed,giai_tri_doc_vui_04,spendwise_authored,,,Ví dụ hư cấu được trợ lý AI soạn theo guideline v0.1; chưa có người kiểm tra độc lập.
seed_giai_tri_doc_vui_05,ai_draft,tpl_giai_tri_doc_vui,1164adaab9c6eb9ecfcd76764ec2a9021ee9a0bea9037e1c479564095df19073,original_vi,giai_tri_doc_vui_05,spendwise_authored,,,Ví dụ hư cấu được trợ lý AI soạn theo guideline v0.1; chưa có người kiểm tra độc lập.
seed_giai_tri_doc_vui_05_nd,ai_draft,tpl_giai_tri_doc_vui,b36f0a65736026e784fffbf00b843944c223c4b0fd961312a1082db12303bb38,diacritic_removed,giai_tri_doc_vui_05,spendwise_authored,,,Ví dụ hư cấu được trợ lý AI soạn theo guideline v0.1; chưa có người kiểm tra độc lập.
seed_suc_khoe_kham_01,ai_draft,tpl_suc_khoe_kham,c0923b1c3381f00f56d97a3deefbce5c7e6a5029faaf134119f7f66ba04d0570,original_vi,suc_khoe_kham_01,spendwise_authored,,,Ví dụ hư cấu được trợ lý AI soạn theo guideline v0.1; chưa có người kiểm tra độc lập.
seed_suc_khoe_kham_01_nd,ai_draft,tpl_suc_khoe_kham,57392dad7561476fe5022fdfcb10db4d1c67bad43825d671ca193f22346d3fe9,diacritic_removed,suc_khoe_kham_01,spendwise_authored,,,Ví dụ hư cấu được trợ lý AI soạn theo guideline v0.1; chưa có người kiểm tra độc lập.
seed_suc_khoe_kham_02,ai_draft,tpl_suc_khoe_kham,584eeedfc27f577bae554036d54d276867f66d2247076203b8e362e53975f48d,original_vi,suc_khoe_kham_02,spendwise_authored,,,Ví dụ hư cấu được trợ lý AI soạn theo guideline v0.1; chưa có người kiểm tra độc lập.
seed_suc_khoe_kham_02_nd,ai_draft,tpl_suc_khoe_kham,ba4b18df85f36dfa477106c9d9a6271dbb8833061acf748e15e39a729cdea829,diacritic_removed,suc_khoe_kham_02,spendwise_authored,,,Ví dụ hư cấu được trợ lý AI soạn theo guideline v0.1; chưa có người kiểm tra độc lập.
seed_suc_khoe_kham_03,ai_draft,tpl_suc_khoe_kham,87336922a7b8d91a9ad81485af6695cafee0f212b3a71fea0b70dde4665e7f58,original_vi,suc_khoe_kham_03,spendwise_authored,,,Ví dụ hư cấu được trợ lý AI soạn theo guideline v0.1; chưa có người kiểm tra độc lập.
seed_suc_khoe_kham_03_nd,ai_draft,tpl_suc_khoe_kham,229d724a8c70ccf42184d80c1e32ae062179bb89526f0869bd9f6fefc5ea60fc,diacritic_removed,suc_khoe_kham_03,spendwise_authored,,,Ví dụ hư cấu được trợ lý AI soạn theo guideline v0.1; chưa có người kiểm tra độc lập.
seed_suc_khoe_kham_04,ai_draft,tpl_suc_khoe_kham,f79034195a8128a050d047f12f01ef10de6e7893a1c44f417b83507345edecd4,original_vi,suc_khoe_kham_04,spendwise_authored,,,Ví dụ hư cấu được trợ lý AI soạn theo guideline v0.1; chưa có người kiểm tra độc lập.
seed_suc_khoe_kham_04_nd,ai_draft,tpl_suc_khoe_kham,a7e5b84a01e6c0057851698d43dba5a5685b9e753bad0d888ea0d14619d2fc86,diacritic_removed,suc_khoe_kham_04,spendwise_authored,,,Ví dụ hư cấu được trợ lý AI soạn theo guideline v0.1; chưa có người kiểm tra độc lập.
seed_suc_khoe_kham_05,ai_draft,tpl_suc_khoe_kham,c4ca3b274181fc39dbe69f877be864f07cf9b97e830737dcc18a5509b296358d,original_vi,suc_khoe_kham_05,spendwise_authored,,,Ví dụ hư cấu được trợ lý AI soạn theo guideline v0.1; chưa có người kiểm tra độc lập.
seed_suc_khoe_kham_05_nd,ai_draft,tpl_suc_khoe_kham,bb2f881f62286dea13b2293414e353c02277c7c78aa9912ec0651804e978f02a,diacritic_removed,suc_khoe_kham_05,spendwise_authored,,,Ví dụ hư cấu được trợ lý AI soạn theo guideline v0.1; chưa có người kiểm tra độc lập.
seed_suc_khoe_thuoc_01,ai_draft,tpl_suc_khoe_thuoc,cda14eb92ecf78f06e513cd761d5365d04f3fc91db88ee456924f9c60d18202e,original_vi,suc_khoe_thuoc_01,spendwise_authored,,,Ví dụ hư cấu được trợ lý AI soạn theo guideline v0.1; chưa có người kiểm tra độc lập.
seed_suc_khoe_thuoc_01_nd,ai_draft,tpl_suc_khoe_thuoc,792397186d715132836b732b04ba63231dc09f45030e83460d0ee55d92a1b09c,diacritic_removed,suc_khoe_thuoc_01,spendwise_authored,,,Ví dụ hư cấu được trợ lý AI soạn theo guideline v0.1; chưa có người kiểm tra độc lập.
seed_suc_khoe_thuoc_02,ai_draft,tpl_suc_khoe_thuoc,63158a2ca84ce94250ca686f13c977ab9936e51123df308bb5696e5f37b8a26c,original_vi,suc_khoe_thuoc_02,spendwise_authored,,,Ví dụ hư cấu được trợ lý AI soạn theo guideline v0.1; chưa có người kiểm tra độc lập.
seed_suc_khoe_thuoc_02_nd,ai_draft,tpl_suc_khoe_thuoc,c5cb811f0ad9fb98018c4f5669c17ac26806de5dff6142962d1ac81e4f52cf45,diacritic_removed,suc_khoe_thuoc_02,spendwise_authored,,,Ví dụ hư cấu được trợ lý AI soạn theo guideline v0.1; chưa có người kiểm tra độc lập.
seed_suc_khoe_thuoc_03,ai_draft,tpl_suc_khoe_thuoc,c7514782f96fa3de664897ecee16f343c6c66dc6db4e417bd382874734adce65,original_vi,suc_khoe_thuoc_03,spendwise_authored,,,Ví dụ hư cấu được trợ lý AI soạn theo guideline v0.1; chưa có người kiểm tra độc lập.
seed_suc_khoe_thuoc_03_nd,ai_draft,tpl_suc_khoe_thuoc,9633d37b6f7fae2416bbcd8781d171532b818c31326a3131a3ed967fc61a196d,diacritic_removed,suc_khoe_thuoc_03,spendwise_authored,,,Ví dụ hư cấu được trợ lý AI soạn theo guideline v0.1; chưa có người kiểm tra độc lập.
seed_suc_khoe_thuoc_04,ai_draft,tpl_suc_khoe_thuoc,2c07bfa0688494023dccd164a3d74d7877db5e49ca71d7373cbf7275600285f6,original_vi,suc_khoe_thuoc_04,spendwise_authored,,,Ví dụ hư cấu được trợ lý AI soạn theo guideline v0.1; chưa có người kiểm tra độc lập.
seed_suc_khoe_thuoc_04_nd,ai_draft,tpl_suc_khoe_thuoc,b855e17db2fb8af9fa108e33aaaceeaf428b21c2686ae83a9018654b7e08f054,diacritic_removed,suc_khoe_thuoc_04,spendwise_authored,,,Ví dụ hư cấu được trợ lý AI soạn theo guideline v0.1; chưa có người kiểm tra độc lập.
seed_suc_khoe_thuoc_05,ai_draft,tpl_suc_khoe_thuoc,fef6685541b41ba577ff6623fc4ecd4a3e5debd2cf2765dbd738f8d0dfbf81dc,original_vi,suc_khoe_thuoc_05,spendwise_authored,,,Ví dụ hư cấu được trợ lý AI soạn theo guideline v0.1; chưa có người kiểm tra độc lập.
seed_suc_khoe_thuoc_05_nd,ai_draft,tpl_suc_khoe_thuoc,6746cb16f18ba74325299ca0efac22bf5bbaa5fad807874d150a5018a63e2743,diacritic_removed,suc_khoe_thuoc_05,spendwise_authored,,,Ví dụ hư cấu được trợ lý AI soạn theo guideline v0.1; chưa có người kiểm tra độc lập.
seed_suc_khoe_xet_nghiem_01,ai_draft,tpl_suc_khoe_xet_nghiem,18ff0af339923e5bbf9fbdf913e7cd4d8aed909044ea3e20d44c186d95f32e05,original_vi,suc_khoe_xet_nghiem_01,spendwise_authored,,,Ví dụ hư cấu được trợ lý AI soạn theo guideline v0.1; chưa có người kiểm tra độc lập.
seed_suc_khoe_xet_nghiem_01_nd,ai_draft,tpl_suc_khoe_xet_nghiem,495629a80380e48f122a85e954d49edf51094270e6d0c96c6d391c02d5a8e4d1,diacritic_removed,suc_khoe_xet_nghiem_01,spendwise_authored,,,Ví dụ hư cấu được trợ lý AI soạn theo guideline v0.1; chưa có người kiểm tra độc lập.
seed_suc_khoe_xet_nghiem_02,ai_draft,tpl_suc_khoe_xet_nghiem,eebf92bea9426d935cf3fdbde65fa6e6226f98dbaffe6375e34345d61d3a3680,original_vi,suc_khoe_xet_nghiem_02,spendwise_authored,,,Ví dụ hư cấu được trợ lý AI soạn theo guideline v0.1; chưa có người kiểm tra độc lập.
seed_suc_khoe_xet_nghiem_02_nd,ai_draft,tpl_suc_khoe_xet_nghiem,0d735b78c7c46ab15f64c27178f44565444414922b13e78eac21a7d4cf3b6298,diacritic_removed,suc_khoe_xet_nghiem_02,spendwise_authored,,,Ví dụ hư cấu được trợ lý AI soạn theo guideline v0.1; chưa có người kiểm tra độc lập.
seed_suc_khoe_xet_nghiem_03,ai_draft,tpl_suc_khoe_xet_nghiem,b569fafd5b8cf205f713f64db8fc683ad283e681b611a27a977462e71a59c9a7,original_vi,suc_khoe_xet_nghiem_03,spendwise_authored,,,Ví dụ hư cấu được trợ lý AI soạn theo guideline v0.1; chưa có người kiểm tra độc lập.
seed_suc_khoe_xet_nghiem_03_nd,ai_draft,tpl_suc_khoe_xet_nghiem,4804374a9bcf25fe0537faa0a760d20ecc12bf0e747312f991b24de5dfa1d11a,diacritic_removed,suc_khoe_xet_nghiem_03,spendwise_authored,,,Ví dụ hư cấu được trợ lý AI soạn theo guideline v0.1; chưa có người kiểm tra độc lập.
seed_suc_khoe_xet_nghiem_04,ai_draft,tpl_suc_khoe_xet_nghiem,c2cc448c001c2d04b5bfb05387712b51130d1d1ce35ba83b7ffb9270f62565ef,original_vi,suc_khoe_xet_nghiem_04,spendwise_authored,,,Ví dụ hư cấu được trợ lý AI soạn theo guideline v0.1; chưa có người kiểm tra độc lập.
seed_suc_khoe_xet_nghiem_04_nd,ai_draft,tpl_suc_khoe_xet_nghiem,3418cf7953b8bb10ffaabeb8cf7a3c38efa74cb5d52b86e88d695be3d7611c3b,diacritic_removed,suc_khoe_xet_nghiem_04,spendwise_authored,,,Ví dụ hư cấu được trợ lý AI soạn theo guideline v0.1; chưa có người kiểm tra độc lập.
seed_suc_khoe_xet_nghiem_05,ai_draft,tpl_suc_khoe_xet_nghiem,76f5636cbb86f08f38e2d0bd89f8d19716d96fbc4dd62133c06f3912ff1971d1,original_vi,suc_khoe_xet_nghiem_05,spendwise_authored,,,Ví dụ hư cấu được trợ lý AI soạn theo guideline v0.1; chưa có người kiểm tra độc lập.
seed_suc_khoe_xet_nghiem_05_nd,ai_draft,tpl_suc_khoe_xet_nghiem,eef5503e9f9abcade7242fc1d06eaca554fa2de284e32d35d73193b34064a02d,diacritic_removed,suc_khoe_xet_nghiem_05,spendwise_authored,,,Ví dụ hư cấu được trợ lý AI soạn theo guideline v0.1; chưa có người kiểm tra độc lập.
seed_suc_khoe_dung_cu_y_te_01,ai_draft,tpl_suc_khoe_dung_cu_y_te,ee27aefd4e63958e56c0af57a0bdada45927a2bbf9c5a42d90211c8290e33f5e,original_vi,suc_khoe_dung_cu_y_te_01,spendwise_authored,,,Ví dụ hư cấu được trợ lý AI soạn theo guideline v0.1; chưa có người kiểm tra độc lập.
seed_suc_khoe_dung_cu_y_te_01_nd,ai_draft,tpl_suc_khoe_dung_cu_y_te,35e4c2e34d18b9944008ffd7a916369c979200fea0ce5d3f1048bbf4467c6d31,diacritic_removed,suc_khoe_dung_cu_y_te_01,spendwise_authored,,,Ví dụ hư cấu được trợ lý AI soạn theo guideline v0.1; chưa có người kiểm tra độc lập.
seed_suc_khoe_dung_cu_y_te_02,ai_draft,tpl_suc_khoe_dung_cu_y_te,d559e2ab89d38110e86bc537abdcb420b191edb5ed4f33f09dda8ff54ec0354f,original_vi,suc_khoe_dung_cu_y_te_02,spendwise_authored,,,Ví dụ hư cấu được trợ lý AI soạn theo guideline v0.1; chưa có người kiểm tra độc lập.
seed_suc_khoe_dung_cu_y_te_02_nd,ai_draft,tpl_suc_khoe_dung_cu_y_te,64c8b35676c08d1704d0de364e850ee509e375f923d526b4712aa3448f232ced,diacritic_removed,suc_khoe_dung_cu_y_te_02,spendwise_authored,,,Ví dụ hư cấu được trợ lý AI soạn theo guideline v0.1; chưa có người kiểm tra độc lập.
seed_suc_khoe_dung_cu_y_te_03,ai_draft,tpl_suc_khoe_dung_cu_y_te,8c94b687f864668f2046c66834bb8a050eba4640e9a5c165992a02744a621382,original_vi,suc_khoe_dung_cu_y_te_03,spendwise_authored,,,Ví dụ hư cấu được trợ lý AI soạn theo guideline v0.1; chưa có người kiểm tra độc lập.
seed_suc_khoe_dung_cu_y_te_03_nd,ai_draft,tpl_suc_khoe_dung_cu_y_te,68eb9292fb7b3d266a75569613f7a3f697f80a9f5e7c7b6a8978b61a709fa403,diacritic_removed,suc_khoe_dung_cu_y_te_03,spendwise_authored,,,Ví dụ hư cấu được trợ lý AI soạn theo guideline v0.1; chưa có người kiểm tra độc lập.
seed_suc_khoe_dung_cu_y_te_04,ai_draft,tpl_suc_khoe_dung_cu_y_te,8aa3baea7c2b3093209ecdfafa3425c26c9292e95ce3f79ded9cabc39417779a,original_vi,suc_khoe_dung_cu_y_te_04,spendwise_authored,,,Ví dụ hư cấu được trợ lý AI soạn theo guideline v0.1; chưa có người kiểm tra độc lập.
seed_suc_khoe_dung_cu_y_te_04_nd,ai_draft,tpl_suc_khoe_dung_cu_y_te,81cb70f86fc54e534d044388798af29c3997ded486e2189b24c106d00faad4f0,diacritic_removed,suc_khoe_dung_cu_y_te_04,spendwise_authored,,,Ví dụ hư cấu được trợ lý AI soạn theo guideline v0.1; chưa có người kiểm tra độc lập.
seed_suc_khoe_dung_cu_y_te_05,ai_draft,tpl_suc_khoe_dung_cu_y_te,0f1c9e124322fc25173ae051f6e5a898e53099b0ace93c08ecb3abcae4d8d3d3,original_vi,suc_khoe_dung_cu_y_te_05,spendwise_authored,,,Ví dụ hư cấu được trợ lý AI soạn theo guideline v0.1; chưa có người kiểm tra độc lập.
seed_suc_khoe_dung_cu_y_te_05_nd,ai_draft,tpl_suc_khoe_dung_cu_y_te,6173a7eb0a04cf1a3265a5a1968d58a5634ed41c1d82582806e2c9ab48d3266c,diacritic_removed,suc_khoe_dung_cu_y_te_05,spendwise_authored,,,Ví dụ hư cấu được trợ lý AI soạn theo guideline v0.1; chưa có người kiểm tra độc lập.
seed_khac_qua_tang_01,ai_draft,tpl_khac_qua_tang,3b67cec9ea63ca11802143cd35e3d3185d04aaa257f11ffd4ab6db990e15db3c,original_vi,khac_qua_tang_01,spendwise_authored,,,Ví dụ hư cấu được trợ lý AI soạn theo guideline v0.1; chưa có người kiểm tra độc lập.
seed_khac_qua_tang_01_nd,ai_draft,tpl_khac_qua_tang,7200b8791100752b968b100e0b6c5ab4571da5b23a5f187ce18fb7b1422c7c7f,diacritic_removed,khac_qua_tang_01,spendwise_authored,,,Ví dụ hư cấu được trợ lý AI soạn theo guideline v0.1; chưa có người kiểm tra độc lập.
seed_khac_qua_tang_02,ai_draft,tpl_khac_qua_tang,514a56693df656a87aa76c04b1ea740710ec540e8a9b5cd32ed0d2b7d15ad0e1,original_vi,khac_qua_tang_02,spendwise_authored,,,Ví dụ hư cấu được trợ lý AI soạn theo guideline v0.1; chưa có người kiểm tra độc lập.
seed_khac_qua_tang_02_nd,ai_draft,tpl_khac_qua_tang,c31a7aacc37f9adc0fcf7e1565f83801452109235661ecbf362353cc537156c0,diacritic_removed,khac_qua_tang_02,spendwise_authored,,,Ví dụ hư cấu được trợ lý AI soạn theo guideline v0.1; chưa có người kiểm tra độc lập.
seed_khac_qua_tang_03,ai_draft,tpl_khac_qua_tang,28d8f51b968493540465fda6cd430a30ecd2d08946e266b4bbe8e282006dec5d,original_vi,khac_qua_tang_03,spendwise_authored,,,Ví dụ hư cấu được trợ lý AI soạn theo guideline v0.1; chưa có người kiểm tra độc lập.
seed_khac_qua_tang_03_nd,ai_draft,tpl_khac_qua_tang,b20da8ddc79c7536daba5d7ba82039c4af190f54174df8385e2f4118c1356d95,diacritic_removed,khac_qua_tang_03,spendwise_authored,,,Ví dụ hư cấu được trợ lý AI soạn theo guideline v0.1; chưa có người kiểm tra độc lập.
seed_khac_qua_tang_04,ai_draft,tpl_khac_qua_tang,f4bb3d04f297bb720f8fda6c1ff04b3d0bdd536564fb8546918bff4be4349a72,original_vi,khac_qua_tang_04,spendwise_authored,,,Ví dụ hư cấu được trợ lý AI soạn theo guideline v0.1; chưa có người kiểm tra độc lập.
seed_khac_qua_tang_04_nd,ai_draft,tpl_khac_qua_tang,a0366bdb768f4e069bd5949835c644f8dffb088a6488e52aba13e1a882d7eed2,diacritic_removed,khac_qua_tang_04,spendwise_authored,,,Ví dụ hư cấu được trợ lý AI soạn theo guideline v0.1; chưa có người kiểm tra độc lập.
seed_khac_qua_tang_05,ai_draft,tpl_khac_qua_tang,6b584e43e2588d496676d0538dd8fa3bfcd9940bfdc2ad3e10dd84d8a3fee1ef,original_vi,khac_qua_tang_05,spendwise_authored,,,Ví dụ hư cấu được trợ lý AI soạn theo guideline v0.1; chưa có người kiểm tra độc lập.
seed_khac_qua_tang_05_nd,ai_draft,tpl_khac_qua_tang,d173e3f70674c6bcb72e37014bad3ecd9238115fc236e8be3ab7ee94c4db26ab,diacritic_removed,khac_qua_tang_05,spendwise_authored,,,Ví dụ hư cấu được trợ lý AI soạn theo guideline v0.1; chưa có người kiểm tra độc lập.
seed_khac_dong_gop_01,ai_draft,tpl_khac_dong_gop,626a19e362b23aba1f324a3b75603838c3af3fef2973714bf19f9dc7c013ae06,original_vi,khac_dong_gop_01,spendwise_authored,,,Ví dụ hư cấu được trợ lý AI soạn theo guideline v0.1; chưa có người kiểm tra độc lập.
seed_khac_dong_gop_01_nd,ai_draft,tpl_khac_dong_gop,458237d879fee09c21cbeaea3d102689d80f9c149148fa5d482d9a963044a93c,diacritic_removed,khac_dong_gop_01,spendwise_authored,,,Ví dụ hư cấu được trợ lý AI soạn theo guideline v0.1; chưa có người kiểm tra độc lập.
seed_khac_dong_gop_02,ai_draft,tpl_khac_dong_gop,5ba400131ecfa1a72806424bd97ac3e8ef20b70913e614fa095997fcba5ff234,original_vi,khac_dong_gop_02,spendwise_authored,,,Ví dụ hư cấu được trợ lý AI soạn theo guideline v0.1; chưa có người kiểm tra độc lập.
seed_khac_dong_gop_02_nd,ai_draft,tpl_khac_dong_gop,ce62917a6f0d6ac6a3f104357bc21727dabb022735e5633e6a17fc80d4dbe289,diacritic_removed,khac_dong_gop_02,spendwise_authored,,,Ví dụ hư cấu được trợ lý AI soạn theo guideline v0.1; chưa có người kiểm tra độc lập.
seed_khac_dong_gop_03,ai_draft,tpl_khac_dong_gop,65ae6bdb9691dfb112ff1b97f2aaed96e190d755b760b997757db6204572557f,original_vi,khac_dong_gop_03,spendwise_authored,,,Ví dụ hư cấu được trợ lý AI soạn theo guideline v0.1; chưa có người kiểm tra độc lập.
seed_khac_dong_gop_03_nd,ai_draft,tpl_khac_dong_gop,b5722daa877db8189bd82a858a71926deee2646fe294cbdcff2ba686a0efe313,diacritic_removed,khac_dong_gop_03,spendwise_authored,,,Ví dụ hư cấu được trợ lý AI soạn theo guideline v0.1; chưa có người kiểm tra độc lập.
seed_khac_dong_gop_04,ai_draft,tpl_khac_dong_gop,6ad8b3a2a8be57497570d50a5a16b4b0747e09c22d5695f8561cce6315a809b7,original_vi,khac_dong_gop_04,spendwise_authored,,,Ví dụ hư cấu được trợ lý AI soạn theo guideline v0.1; chưa có người kiểm tra độc lập.
seed_khac_dong_gop_04_nd,ai_draft,tpl_khac_dong_gop,198bc531172ab96a6a5c979985938f0b24d245acea5c140bb357e6a7a8ca951c,diacritic_removed,khac_dong_gop_04,spendwise_authored,,,Ví dụ hư cấu được trợ lý AI soạn theo guideline v0.1; chưa có người kiểm tra độc lập.
seed_khac_dong_gop_05,ai_draft,tpl_khac_dong_gop,3ab15883d6e1862ccf34c907d17cbd20bac7b4968b72c7d371e81c9e83b53171,original_vi,khac_dong_gop_05,spendwise_authored,,,Ví dụ hư cấu được trợ lý AI soạn theo guideline v0.1; chưa có người kiểm tra độc lập.
seed_khac_dong_gop_05_nd,ai_draft,tpl_khac_dong_gop,292b1cbe2b8d4308719c2fcdd99c094669c1b934141ed4e01222401d17020a5a,diacritic_removed,khac_dong_gop_05,spendwise_authored,,,Ví dụ hư cấu được trợ lý AI soạn theo guideline v0.1; chưa có người kiểm tra độc lập.
seed_khac_dich_vu_khac_01,ai_draft,tpl_khac_dich_vu_khac,24eb80579eece5ebd09f5204ded5bde50689f21dd56f99bbb56acf3d00e8b1a5,original_vi,khac_dich_vu_khac_01,spendwise_authored,,,Ví dụ hư cấu được trợ lý AI soạn theo guideline v0.1; chưa có người kiểm tra độc lập.
seed_khac_dich_vu_khac_01_nd,ai_draft,tpl_khac_dich_vu_khac,f224bee3e379bc346b60f7dfdc393691838a828369116d1ee052afdc68d8acb7,diacritic_removed,khac_dich_vu_khac_01,spendwise_authored,,,Ví dụ hư cấu được trợ lý AI soạn theo guideline v0.1; chưa có người kiểm tra độc lập.
seed_khac_dich_vu_khac_02,ai_draft,tpl_khac_dich_vu_khac,6e70db3294826393253effed7110bf7a4397b8ff96877f4141bb6e8a4b65bc64,original_vi,khac_dich_vu_khac_02,spendwise_authored,,,Ví dụ hư cấu được trợ lý AI soạn theo guideline v0.1; chưa có người kiểm tra độc lập.
seed_khac_dich_vu_khac_02_nd,ai_draft,tpl_khac_dich_vu_khac,9498eaf87cf2563d9953c29f4b23f78f717e4df4ba606ffb12361e90142a434a,diacritic_removed,khac_dich_vu_khac_02,spendwise_authored,,,Ví dụ hư cấu được trợ lý AI soạn theo guideline v0.1; chưa có người kiểm tra độc lập.
seed_khac_dich_vu_khac_03,ai_draft,tpl_khac_dich_vu_khac,e9408818369d8690e9becca74547f31dd9db0113c2a390995cf261d9f73257e3,original_vi,khac_dich_vu_khac_03,spendwise_authored,,,Ví dụ hư cấu được trợ lý AI soạn theo guideline v0.1; chưa có người kiểm tra độc lập.
seed_khac_dich_vu_khac_03_nd,ai_draft,tpl_khac_dich_vu_khac,30acd3f93179ae9402f9132c7bdfd23c0bdc091fe303e5d1d4edb05cdca2cedc,diacritic_removed,khac_dich_vu_khac_03,spendwise_authored,,,Ví dụ hư cấu được trợ lý AI soạn theo guideline v0.1; chưa có người kiểm tra độc lập.
seed_khac_dich_vu_khac_04,ai_draft,tpl_khac_dich_vu_khac,7f1641f28e79f4f039a623234cc0532c8e7690f295ba5abb8d9fe1cf5b42582c,original_vi,khac_dich_vu_khac_04,spendwise_authored,,,Ví dụ hư cấu được trợ lý AI soạn theo guideline v0.1; chưa có người kiểm tra độc lập.
seed_khac_dich_vu_khac_04_nd,ai_draft,tpl_khac_dich_vu_khac,0bdaaa6ec6b1a220cc8b9b5f2081a92a556650e84301f8e521d1a947e3d066cf,diacritic_removed,khac_dich_vu_khac_04,spendwise_authored,,,Ví dụ hư cấu được trợ lý AI soạn theo guideline v0.1; chưa có người kiểm tra độc lập.
seed_khac_dich_vu_khac_05,ai_draft,tpl_khac_dich_vu_khac,b18ced089a25d415309d34f112c6852e36f92a1714ff487c15a0575de37cbf52,original_vi,khac_dich_vu_khac_05,spendwise_authored,,,Ví dụ hư cấu được trợ lý AI soạn theo guideline v0.1; chưa có người kiểm tra độc lập.
seed_khac_dich_vu_khac_05_nd,ai_draft,tpl_khac_dich_vu_khac,6b719b7204ad28ad5ef8ad6d656c434d1a2deeb2ed13ff1ba9dd92f4fac4c59d,diacritic_removed,khac_dich_vu_khac_05,spendwise_authored,,,Ví dụ hư cấu được trợ lý AI soạn theo guideline v0.1; chưa có người kiểm tra độc lập.
seed_khac_thieu_ngu_canh_01,ai_draft,tpl_khac_thieu_ngu_canh,9d4b3c1c2761c6b0105ffd6480b9268c6cc518522241039af113dbecc8715481,original_vi,khac_thieu_ngu_canh_01,spendwise_authored,,,Ví dụ hư cấu được trợ lý AI soạn theo guideline v0.1; chưa có người kiểm tra độc lập. Kịch bản giả lập đã hỏi lại nhưng không bổ sung được; không phải phản hồi của người thật.
seed_khac_thieu_ngu_canh_01_nd,ai_draft,tpl_khac_thieu_ngu_canh,570660275b891d8de8cadd2ad5db467d6747cd0d2513244dbb1971e92710ecf5,diacritic_removed,khac_thieu_ngu_canh_01,spendwise_authored,,,Ví dụ hư cấu được trợ lý AI soạn theo guideline v0.1; chưa có người kiểm tra độc lập. Kịch bản giả lập đã hỏi lại nhưng không bổ sung được; không phải phản hồi của người thật.
seed_khac_thieu_ngu_canh_02,ai_draft,tpl_khac_thieu_ngu_canh,2e71dda3f2690549471ccae165dd876888b42b89ece91e5a696378692a435987,original_vi,khac_thieu_ngu_canh_02,spendwise_authored,,,Ví dụ hư cấu được trợ lý AI soạn theo guideline v0.1; chưa có người kiểm tra độc lập. Kịch bản giả lập đã hỏi lại nhưng không bổ sung được; không phải phản hồi của người thật.
seed_khac_thieu_ngu_canh_02_nd,ai_draft,tpl_khac_thieu_ngu_canh,ff970f63087ab69c55c46c47909af3b54798687da9ed9d386af3b29677a0ffcc,diacritic_removed,khac_thieu_ngu_canh_02,spendwise_authored,,,Ví dụ hư cấu được trợ lý AI soạn theo guideline v0.1; chưa có người kiểm tra độc lập. Kịch bản giả lập đã hỏi lại nhưng không bổ sung được; không phải phản hồi của người thật.
seed_khac_thieu_ngu_canh_03,ai_draft,tpl_khac_thieu_ngu_canh,cd4044406e608bc4add19ad49d386b60488c6e5ad6031044ac1fa083596bd95b,original_vi,khac_thieu_ngu_canh_03,spendwise_authored,,,Ví dụ hư cấu được trợ lý AI soạn theo guideline v0.1; chưa có người kiểm tra độc lập. Kịch bản giả lập đã hỏi lại nhưng không bổ sung được; không phải phản hồi của người thật.
seed_khac_thieu_ngu_canh_03_nd,ai_draft,tpl_khac_thieu_ngu_canh,2edb149494581663f1397f8c312e9eb32ae812dfbe265002a54e91e91426dcbb,diacritic_removed,khac_thieu_ngu_canh_03,spendwise_authored,,,Ví dụ hư cấu được trợ lý AI soạn theo guideline v0.1; chưa có người kiểm tra độc lập. Kịch bản giả lập đã hỏi lại nhưng không bổ sung được; không phải phản hồi của người thật.
seed_khac_thieu_ngu_canh_04,ai_draft,tpl_khac_thieu_ngu_canh,61031e6ff19a92ad09eec5face228adeea9399cd50f67d6e26b59b5b64064572,original_vi,khac_thieu_ngu_canh_04,spendwise_authored,,,Ví dụ hư cấu được trợ lý AI soạn theo guideline v0.1; chưa có người kiểm tra độc lập. Kịch bản giả lập đã hỏi lại nhưng không bổ sung được; không phải phản hồi của người thật.
seed_khac_thieu_ngu_canh_04_nd,ai_draft,tpl_khac_thieu_ngu_canh,3c17094501196ae5ee3014e3520ec64343eef87a14d7732667aa2fc49cd0d212,diacritic_removed,khac_thieu_ngu_canh_04,spendwise_authored,,,Ví dụ hư cấu được trợ lý AI soạn theo guideline v0.1; chưa có người kiểm tra độc lập. Kịch bản giả lập đã hỏi lại nhưng không bổ sung được; không phải phản hồi của người thật.
seed_khac_thieu_ngu_canh_05,ai_draft,tpl_khac_thieu_ngu_canh,c457b2acdbd379426968b37e4c910875af754503aedfd3aa9fc4965bacfe90ef,original_vi,khac_thieu_ngu_canh_05,spendwise_authored,,,Ví dụ hư cấu được trợ lý AI soạn theo guideline v0.1; chưa có người kiểm tra độc lập. Kịch bản giả lập đã hỏi lại nhưng không bổ sung được; không phải phản hồi của người thật.
seed_khac_thieu_ngu_canh_05_nd,ai_draft,tpl_khac_thieu_ngu_canh,61f5d37b2365f67f5731c41c425d17184e386abffefc968b6d66e803e17539c9,diacritic_removed,khac_thieu_ngu_canh_05,spendwise_authored,,,Ví dụ hư cấu được trợ lý AI soạn theo guideline v0.1; chưa có người kiểm tra độc lập. Kịch bản giả lập đã hỏi lại nhưng không bổ sung được; không phải phản hồi của người thật.
pub_pfa_005,ai_draft,pfa_DoorDash_Food,249f6af6fc820f10510ab8add761285649760cac58988900e47de45f55f505fe,translated_en_to_vi,DoorDash Food,pfa_demo,5d727c66bf2beba91a54d5cda043b6b2eca97ec3,5,"Food nêu rõ đồ ăn; ai_draft, cần người rà soát bản dịch và nhãn."
pub_pfa_005_nd,ai_draft,pfa_DoorDash_Food,e615a711e9ce38e9e34c66805933e8a35bc98b383964f046d7f14f56fef00df1,diacritic_removed,DoorDash Food,pfa_demo,5d727c66bf2beba91a54d5cda043b6b2eca97ec3,5,"Food nêu rõ đồ ăn; ai_draft, cần người rà soát bản dịch và nhãn."
pub_pfa_007,ai_draft,pfa_Lyft_Fare,be6b27b274711ebe89f3c0884a8a67033223687958a17496662842401db6dc40,translated_en_to_vi,Lyft Fare,pfa_demo,5d727c66bf2beba91a54d5cda043b6b2eca97ec3,7,"Fare là tiền chuyến đi; ai_draft, cần người rà soát bản dịch và nhãn."
pub_pfa_007_nd,ai_draft,pfa_Lyft_Fare,e6e320985fab0faaa38d31db4d9a4e45a9650c9f91e74c8970aa52cb07dee29c,diacritic_removed,Lyft Fare,pfa_demo,5d727c66bf2beba91a54d5cda043b6b2eca97ec3,7,"Fare là tiền chuyến đi; ai_draft, cần người rà soát bản dịch và nhãn."
pub_pfa_009,ai_draft,pfa_Netflix_Subscription,62e8229086994bc7324bc8ba9c785c3b1e805754e6b183997fec1d593902c3bd,translated_en_to_vi,Netflix Subscription,pfa_demo,5d727c66bf2beba91a54d5cda043b6b2eca97ec3,9,"Subscription nêu thuê bao; dịch vụ xem phim được nhận diện theo tên thương hiệu, cần người kiểm tra; ai_draft, cần người rà soát bản dịch và nhãn."
pub_pfa_009_nd,ai_draft,pfa_Netflix_Subscription,eb849665a9a9761b80429168798d17895082c879f8e29c1f32f1a7fdeb062e82,diacritic_removed,Netflix Subscription,pfa_demo,5d727c66bf2beba91a54d5cda043b6b2eca97ec3,9,"Subscription nêu thuê bao; dịch vụ xem phim được nhận diện theo tên thương hiệu, cần người kiểm tra; ai_draft, cần người rà soát bản dịch và nhãn."
pub_pfa_010,ai_draft,pfa_Steam_Games,156e77aa59e8ff60be7ffdd6f653b134e317da155bd5858042be069e88205e9e,translated_en_to_vi,Steam Games,pfa_demo,5d727c66bf2beba91a54d5cda043b6b2eca97ec3,10,"Games nêu trò chơi; ai_draft, cần người rà soát bản dịch và nhãn."
pub_pfa_010_nd,ai_draft,pfa_Steam_Games,c06a59d7824e90146859c2a2cf19a6c48b8cf57848f7df2b42050a03b032f635,diacritic_removed,Steam Games,pfa_demo,5d727c66bf2beba91a54d5cda043b6b2eca97ec3,10,"Games nêu trò chơi; ai_draft, cần người rà soát bản dịch và nhãn."
pub_pfa_013,ai_draft,pfa_H_M_Clothing,ad64b34cd5473f592d54b3060d1d58e5ab6ba9872bffcbacdab5fcea730d5d8d,translated_en_to_vi,H&M Clothing,pfa_demo,5d727c66bf2beba91a54d5cda043b6b2eca97ec3,13,"Clothing nêu quần áo; ai_draft, cần người rà soát bản dịch và nhãn."
pub_pfa_013_nd,ai_draft,pfa_H_M_Clothing,deb1881fcb13d40389d8e9fd604a4715917515f87770f6a9d7d1048c8568cdfb,diacritic_removed,H&M Clothing,pfa_demo,5d727c66bf2beba91a54d5cda043b6b2eca97ec3,13,"Clothing nêu quần áo; ai_draft, cần người rà soát bản dịch và nhãn."
pub_pfa_019,ai_draft,pfa_PG_E_Electric,6b6ce0564e8d372f1498fc93b85cf0f96e23f5ee79de5ccd84273bf51e7934e6,translated_en_to_vi,PG&E Electric,pfa_demo,5d727c66bf2beba91a54d5cda043b6b2eca97ec3,19,"Electric nêu dịch vụ điện; ai_draft, cần người rà soát bản dịch và nhãn."
pub_pfa_019_nd,ai_draft,pfa_PG_E_Electric,3bc6dd8b2be70a6e66f52af7e8ad624afad1c4085f71d207c66f76b77c7d88b6,diacritic_removed,PG&E Electric,pfa_demo,5d727c66bf2beba91a54d5cda043b6b2eca97ec3,19,"Electric nêu dịch vụ điện; ai_draft, cần người rà soát bản dịch và nhãn."
pub_pfa_026,ai_draft,pfa_MTA_Transit,5453c2d76b0bfb35fdd5cb55a23356a05d36242d6e485a9e49f8c337121d697c,translated_en_to_vi,MTA Transit,pfa_demo,5d727c66bf2beba91a54d5cda043b6b2eca97ec3,26,"Transit nêu dịch vụ giao thông; ai_draft, cần người rà soát bản dịch và nhãn."
pub_pfa_026_nd,ai_draft,pfa_MTA_Transit,c8bb930fc029241b73481989770cc1fadb257b9579f46bf3b7c712381581cb4b,diacritic_removed,MTA Transit,pfa_demo,5d727c66bf2beba91a54d5cda043b6b2eca97ec3,26,"Transit nêu dịch vụ giao thông; ai_draft, cần người rà soát bản dịch và nhãn."
pub_pfa_027,ai_draft,pfa_Comcast_Internet,4bd75219020460cc491ab11c0c807d30d72dbee9b34fca4aa4cf6c5ddfebb51c,translated_en_to_vi,Comcast Internet,pfa_demo,5d727c66bf2beba91a54d5cda043b6b2eca97ec3,27,"Internet nêu dịch vụ mạng; ai_draft, cần người rà soát bản dịch và nhãn."
pub_pfa_034,ai_draft,pfa_Urgent_Care_Clinic,1015c2397d5075da06b7aa8f975acc8d8cf7d9318161af46cca56079d87777bf,translated_en_to_vi,Urgent Care Clinic,pfa_demo,5d727c66bf2beba91a54d5cda043b6b2eca97ec3,34,"Clinic nêu phòng khám; cách dịch là nhãn dự thảo cần rà soát; ai_draft, cần người rà soát bản dịch và nhãn."
pub_pfa_034_nd,ai_draft,pfa_Urgent_Care_Clinic,3b3afcd2cab338592aa1754b3a15e7d807718360543db2ef7a862930a5aa3e14,diacritic_removed,Urgent Care Clinic,pfa_demo,5d727c66bf2beba91a54d5cda043b6b2eca97ec3,34,"Clinic nêu phòng khám; cách dịch là nhãn dự thảo cần rà soát; ai_draft, cần người rà soát bản dịch và nhãn."
pub_pfa_035,ai_draft,pfa_Uber_Ride,8fe94063500126b6bb6f9bc51c6c64627846a3a2bca4d05ddf8f1137b157f250,translated_en_to_vi,Uber Ride,pfa_demo,5d727c66bf2beba91a54d5cda043b6b2eca97ec3,35,"Ride nêu chuyến xe; ai_draft, cần người rà soát bản dịch và nhãn."
pub_pfa_035_nd,ai_draft,pfa_Uber_Ride,90db67781cd58b20dc0c1666e5f3451170e48319e3b244b4ce7f4686be8e312f,diacritic_removed,Uber Ride,pfa_demo,5d727c66bf2beba91a54d5cda043b6b2eca97ec3,35,"Ride nêu chuyến xe; ai_draft, cần người rà soát bản dịch và nhãn."
pub_pfa_039,ai_draft,pfa_City_Parking_Auth,dd993eba47f26863c3a973b8d3fb67cb658a793c113bd84fa0c0ea66fc81cae9,translated_en_to_vi,City Parking Auth,pfa_demo,5d727c66bf2beba91a54d5cda043b6b2eca97ec3,39,"Parking nêu đỗ xe; ai_draft, cần người rà soát bản dịch và nhãn."
pub_pfa_039_nd,ai_draft,pfa_City_Parking_Auth,65bacdbcade166dc58b9f12e1bb738908ba06a26d6ab4ffe22d5c67a4716a19a,diacritic_removed,City Parking Auth,pfa_demo,5d727c66bf2beba91a54d5cda043b6b2eca97ec3,39,"Parking nêu đỗ xe; ai_draft, cần người rà soát bản dịch và nhãn."
pub_pfa_045,ai_draft,pfa_Regal_Cinema,06be44b40fb08524fb1f58b8d3c898a1f34badfaa5e4ab16d7ad96d8a6a61fa2,translated_en_to_vi,Regal Cinema,pfa_demo,5d727c66bf2beba91a54d5cda043b6b2eca97ec3,45,"Cinema nêu rạp phim; ai_draft, cần người rà soát bản dịch và nhãn."
pub_pfa_045_nd,ai_draft,pfa_Regal_Cinema,74036624754a53a939e4a4692f436f4ab7f209d90ab8114d27ad30a21cedad4e,diacritic_removed,Regal Cinema,pfa_demo,5d727c66bf2beba91a54d5cda043b6b2eca97ec3,45,"Cinema nêu rạp phim; ai_draft, cần người rà soát bản dịch và nhãn."
pub_pfa_046,ai_draft,pfa_Chevron_Gas,fea64b2f89663704edc8ff3c0d728c3c0ccb705fdfc77316e41dab907a90963b,translated_en_to_vi,Chevron Gas,pfa_demo,5d727c66bf2beba91a54d5cda043b6b2eca97ec3,46,"Gas trong mô tả trạm nhiên liệu; ai_draft, cần người rà soát bản dịch và nhãn."
pub_pfa_046_nd,ai_draft,pfa_Chevron_Gas,e0b432079df9be958f2a337b591e308cad26f56f9565f28833ba2ba7230bcd80,diacritic_removed,Chevron Gas,pfa_demo,5d727c66bf2beba91a54d5cda043b6b2eca97ec3,46,"Gas trong mô tả trạm nhiên liệu; ai_draft, cần người rà soát bản dịch và nhãn."
pub_pfa_048,ai_draft,pfa_Water_Utility,e78d55c66c2434ba2a87722dc015b6e49ce38aed76d76f5d2f7d74609f39fd2b,translated_en_to_vi,Water Utility,pfa_demo,5d727c66bf2beba91a54d5cda043b6b2eca97ec3,48,"Water Utility nêu nước sinh hoạt; ai_draft, cần người rà soát bản dịch và nhãn."
pub_pfa_048_nd,ai_draft,pfa_Water_Utility,fef575cd9bceec0d7f43f7d555722e73437422f20243f972dec7129dca9dd087,diacritic_removed,Water Utility,pfa_demo,5d727c66bf2beba91a54d5cda043b6b2eca97ec3,48,"Water Utility nêu nước sinh hoạt; ai_draft, cần người rà soát bản dịch và nhãn."
pub_pfa_053,ai_draft,pfa_Best_Buy_Electronics,7a191826e6247e82477ee78f7a57e40d9df9f8fb43f48756f685e5139e01cf56,translated_en_to_vi,Best Buy Electronics,pfa_demo,5d727c66bf2beba91a54d5cda043b6b2eca97ec3,53,"Electronics nêu hàng điện tử; chưa có mục đích học tập; ai_draft, cần người rà soát bản dịch và nhãn."
pub_pfa_053_nd,ai_draft,pfa_Best_Buy_Electronics,a6403df081c3051132e256bcf008d6e40128cff3630f38fe2a2eb5725966f54f,diacritic_removed,Best Buy Electronics,pfa_demo,5d727c66bf2beba91a54d5cda043b6b2eca97ec3,53,"Electronics nêu hàng điện tử; chưa có mục đích học tập; ai_draft, cần người rà soát bản dịch và nhãn."
pub_pfa_069,ai_draft,pfa_Safeway_Groceries,5d2195554b82ddde5e8087289bbb3072de85b469e9fa556861f8a2c2b6f27470,translated_en_to_vi,Safeway Groceries,pfa_demo,5d727c66bf2beba91a54d5cda043b6b2eca97ec3,69,"Groceries nêu hàng thực phẩm; ai_draft, cần người rà soát bản dịch và nhãn."
pub_pfa_069_nd,ai_draft,pfa_Safeway_Groceries,3c4e5c96b4698d2adf2ee1d238e5dd108d19c06d3c896550890a169306437070,diacritic_removed,Safeway Groceries,pfa_demo,5d727c66bf2beba91a54d5cda043b6b2eca97ec3,69,"Groceries nêu hàng thực phẩm; ai_draft, cần người rà soát bản dịch và nhãn."
pub_pfa_071,ai_draft,pfa_Uber_Eats_Delivery,579bcf7771638a6d4e21755872d363a7899d27b6166d8c487e1c4303dac54579,translated_en_to_vi,Uber Eats Delivery,pfa_demo,5d727c66bf2beba91a54d5cda043b6b2eca97ec3,71,"Eats Delivery nêu dịch vụ giao đồ ăn; ai_draft, cần người rà soát bản dịch và nhãn."
pub_pfa_071_nd,ai_draft,pfa_Uber_Eats_Delivery,8dfe072fbf807c4333c560b883abe0429d8a919aabc1eea73f8edafb8297d32b,diacritic_removed,Uber Eats Delivery,pfa_demo,5d727c66bf2beba91a54d5cda043b6b2eca97ec3,71,"Eats Delivery nêu dịch vụ giao đồ ăn; ai_draft, cần người rà soát bản dịch và nhãn."
pub_pfa_078,ai_draft,pfa_Dental_Care_Associates,58cb8fd111ff69398a0e0b229f5d84a431e836eec61f42ef21e1da1e62495c4c,translated_en_to_vi,Dental Care Associates,pfa_demo,5d727c66bf2beba91a54d5cda043b6b2eca97ec3,78,"Dental Care nêu chăm sóc răng; ai_draft, cần người rà soát bản dịch và nhãn."
pub_pfa_078_nd,ai_draft,pfa_Dental_Care_Associates,e5eecec045fe691ee83d7206f072f4f5d4245d7b6ae36b7e25416b3a4c3a604c,diacritic_removed,Dental Care Associates,pfa_demo,5d727c66bf2beba91a54d5cda043b6b2eca97ec3,78,"Dental Care nêu chăm sóc răng; ai_draft, cần người rà soát bản dịch và nhãn."
pub_pfa_079,ai_draft,pfa_Subway_Sandwiches,c937117b57639ab05aae2d8c5d468a8b64cf3411d72c97e1f607843cbdf033a5,translated_en_to_vi,Subway Sandwiches,pfa_demo,5d727c66bf2beba91a54d5cda043b6b2eca97ec3,79,"Sandwiches nêu món ăn; ai_draft, cần người rà soát bản dịch và nhãn."
pub_pfa_079_nd,ai_draft,pfa_Subway_Sandwiches,06f3b78d0c13eb120ab99b94895e2c00b9fbaeb201bea1bb21fbfcf04705a016,diacritic_removed,Subway Sandwiches,pfa_demo,5d727c66bf2beba91a54d5cda043b6b2eca97ec3,79,"Sandwiches nêu món ăn; ai_draft, cần người rà soát bản dịch và nhãn."
