Date,Description,Amount,Currency
2025-01-01,Employer Payroll Direct Deposit,3510.29,USD
2025-01-01,Disney Plus,-61.82,USD
2025-01-02,Target Store,-479.04,USD
2025-01-08,DoorDash Food,-8.66,USD
2025-01-09,Hilton Hotels 5681,-129.99,USD
2025-01-09,Lyft Fare,-6.16,USD
2025-01-14,Hilton Hotels 4917,-454.95,USD
2025-01-18,Netflix Subscription 9797,-148.34,USD
2025-01-20,Steam Games 9598,-118.09,USD
2025-01-20,Kroger Supermarket,-193.07,USD
2025-01-23,Planet Fitness Gym,-34.93,USD
2025-01-24,H&M Clothing,-191.52,USD
2025-01-27,Expedia Travel 2790,-249.77,USD
2025-01-28,Kroger Supermarket 6334,-32.72,USD
2025-01-28,Planet Fitness Gym 4172,-129.38,USD
2025-01-31,Tax Refund,4284.83,USD
2025-02-01,Marriott Stay 8965,-70.49,USD
2025-02-02,PG&E Electric,-101.21,USD
2025-02-03,Amazon.com Order 6539,-147.94,USD
2025-02-05,Trader Joe's,-119.5,USD
2025-02-06,Aldi 0192 5820,-113.1,USD
2025-02-10,CVS Pharmacy,-49.53,USD
2025-02-11,Marriott Stay,-296.68,USD
2025-02-11,Chipotle Mexican Grill,-19.04,USD
2025-02-14,MTA Transit 9086,-6.0,USD
2025-02-14,Comcast Internet,-118.21,USD
2025-02-18,Comcast Internet 3129,-135.62,USD
2025-02-19,Airbnb Booking 6994,-391.87,USD
2025-02-21,Hilton Hotels 7259,-251.81,USD
2025-03-02,Tax Refund,4048.34,USD
2025-03-07,Netflix Subscription,-24.77,USD
2025-03-09,Marriott Stay 9494,-246.05,USD
2025-03-11,Urgent Care Clinic,-63.07,USD
2025-03-14,Uber Ride 3166,-33.3,USD
2025-03-16,Planet Fitness Gym,-162.73,USD
2025-03-16,H&M Clothing,-91.33,USD
2025-03-24,Home Depot,-68.45,USD
2025-03-27,City Parking Auth,-56.28,USD
2025-03-29,Spotify Premium,-41.34,USD
2025-03-30,Verizon Wireless,-78.15,USD
2025-03-31,Delta Airlines,-290.38,USD
2025-04-01,Freelance Payment,4587.29,USD
2025-04-01,Verizon Wireless 9951,-75.59,USD
2025-04-03,Regal Cinema 6312,-129.74,USD
2025-04-04,Chevron Gas 2938,-21.39,USD
2025-04-05,Trader Joe's,-30.14,USD
2025-04-06,Water Utility 5010,-93.53,USD
2025-04-07,Delta Airlines,-168.19,USD
2025-04-08,Whole Foods Market 5697,-172.09,USD
2025-04-09,Aldi 0192,-179.4,USD
2025-04-10,Water Utility 9336,-112.91,USD
2025-04-13,Best Buy Electronics,-473.16,USD
2025-04-14,Spotify Premium 7435,-24.66,USD
2025-04-16,Marriott Stay 8398,-113.5,USD
2025-04-16,Expedia Travel 4633,-120.41,USD
2025-04-16,CVS Pharmacy 5297,-53.38,USD
2025-04-19,Target Store 1905,-157.09,USD
2025-04-22,MTA Transit 3804,-54.06,USD
2025-04-22,Lyft Fare 6084,-54.67,USD
2025-04-26,Shell Oil 2572,-37.39,USD
2025-04-27,Best Buy Electronics 3320,-206.17,USD
2025-04-30,Chevron Gas 2758,-8.58,USD
2025-04-30,Hilton Hotels,-328.08,USD
2025-05-01,Freelance Payment,3767.9,USD
2025-05-02,City Parking Auth,-21.31,USD
2025-05-02,Hilton Hotels 2764,-425.09,USD
2025-05-04,Walgreens Drugstore 4424,-34.4,USD
2025-05-06,Safeway Groceries 4220,-69.75,USD
2025-05-08,Whole Foods Market,-175.78,USD
2025-05-12,Uber Eats Delivery,-51.19,USD
2025-05-13,Airbnb Booking 3633,-241.49,USD
2025-05-14,CVS Pharmacy 4278,-140.94,USD
2025-05-16,Waste Management,-53.69,USD
2025-05-20,Kroger Supermarket,-152.89,USD
2025-05-22,Expedia Travel 4353,-195.5,USD
2025-05-24,Lyft Fare,-26.18,USD
2025-05-26,Dental Care Associates,-114.93,USD
2025-05-28,Subway Sandwiches,-39.38,USD
2025-05-28,Disney Plus 7788,-144.11,USD
2025-05-30,City Parking Auth,-39.12,USD
2025-05-31,Tax Refund,3277.44,USD
2025-05-31,Waste Management,-25.5,USD
2025-06-01,MTA Transit,-48.57,USD
2025-06-02,Comcast Internet 5168,-37.4,USD
2025-06-04,H&M Clothing 4956,-181.68,USD
2025-06-06,Chipotle Mexican Grill 6558,-56.57,USD
2025-06-10,Planet Fitness Gym 8112,-54.97,USD
2025-06-12,Subway Sandwiches 8163,-10.51,USD
2025-06-12,Best Buy Electronics,-403.13,USD
2025-06-13,Best Buy Electronics,-70.35,USD
2025-06-13,DoorDash Food 5821,-24.81,USD
2025-06-17,Subway Sandwiches 8183,-7.03,USD
2025-06-19,Disney Plus,-92.91,USD
2025-06-19,Urgent Care Clinic 8065,-174.93,USD
2025-06-22,Target Store 2016,-288.92,USD
2025-06-23,Netflix Subscription 3260,-137.43,USD
2025-06-26,Chipotle Mexican Grill 5480,-52.47,USD
2025-06-26,H&M Clothing,-421.76,USD
2025-06-28,Whole Foods Market 3493,-118.63,USD
2025-06-29,DoorDash Food,-53.07,USD
